station,row_type,year_raw,date_raw,date_iso,span_days,volume_raw,unit,volume_mg,flags,note
North Branch,event,2026,3/15-16/26,2026-03-15,2,263.79,MG,263.79,parsed-from:3/15-16/26,
North Branch,event,,2026-04-04 00:00:00,2026-04-04,1,83.45,MG,83.45,,
North Branch,event,,4/14-15/26,2026-04-14,2,170.775,MG,170.775,parsed-from:4/14-15/26,
North Branch,event,,4/17-18/26,2026-04-17,2,181.44,MG,181.44,parsed-from:4/17-18/26,
North Branch,event,,7/3-5/26,2026-07-03,3,318.33,MG,318.33,parsed-from:7/3-5/26,
North Branch,event,2025,8/18-19/25,2025-08-18,2,125.01,MG,125.01,parsed-from:8/18-19/25,
North Branch,no-discharge-year,2024,No Discharge,,,,MG,,,
North Branch,event,2023,7/2-3/23,2023-07-02,2,490.455,MG,490.455,parsed-from:7/2-3/23,
North Branch,event,,7/5-6/23,2023-07-05,2,86.13,MG,86.13,parsed-from:7/5-6/23,
North Branch,event,2022,2022-05-03 00:00:00,2022-05-03,1,5.67,MG,5.67,,
North Branch,event,,2022-12-15 00:00:00,2022-12-15,1,89.1,MG,89.1,,
North Branch,event,2021,6/26-27/21,2021-06-26,2,247.725,MG,247.725,parsed-from:6/26-27/21,
North Branch,event,,2021-10-25 00:00:00,2021-10-25,1,81.81,MG,81.81,,
North Branch,event,2020,2020-04-30 00:00:00,2020-04-30,1,192.375,MG,192.375,,
North Branch,event,,2020-05-15 00:00:00,2020-05-15,1,174.15,MG,174.15,,
North Branch,event,,5/17-18/20,2020-05-17,2,1004.805,MG,1004.805,parsed-from:5/17-18/20,
North Branch,event,,5/23-24/20,2020-05-23,2,45.765,MG,45.765,parsed-from:5/23-24/20,
North Branch,event,2019,4/30-5/1/2019,2019-04-30,2,716.175,MG,716.175,parsed-from:4/30-5/1/2019,
North Branch,event,,2019-05-02 00:00:00,2019-05-02,1,94.77,MG,94.77,,
North Branch,event,,2019-05-09 00:00:00,2019-05-09,1,227.475,MG,227.475,,
North Branch,event,,2019-05-22 00:00:00,2019-05-22,1,57.78,MG,57.78,,
North Branch,event,,2019-05-27 00:00:00,2019-05-27,1,170.1,MG,170.1,,
North Branch,event,,2019-05-29 00:00:00,2019-05-29,1,93.285,MG,93.285,,
North Branch,event,,2019-06-05 00:00:00,2019-06-05,1,74.385,MG,74.385,,
North Branch,event,,10/2-3/19,2019-10-02,2,272.16,MG,272.16,parsed-from:10/2-3/19,
North Branch,event,,10/26-27/19,2019-10-26,2,300.24,MG,300.24,parsed-from:10/26-27/19,
North Branch,event,,2019-10-30 00:00:00,2019-10-30,1,75.06,MG,75.06,,
North Branch,event,2018,2/20-21/18,2018-02-20,2,628.83,MG,628.83,parsed-from:2/20-21/18,
North Branch,event,,2018-03-01 00:00:00,2018-03-01,1,81.135,MG,81.135,,
North Branch,event,,5/14-15/2018,2018-05-14,2,212.49,MG,212.49,parsed-from:5/14-15/2018,
North Branch,event,,2018-05-21 00:00:00,2018-05-21,1,189.81,MG,189.81,,
North Branch,event,,2018-06-22 00:00:00,2018-06-22,1,305.775,MG,305.775,,
North Branch,event,,6/26-27/18,2018-06-26,2,28.08,MG,28.08,parsed-from:6/26-27/18,
North Branch,event,,2018-10-10 00:00:00,2018-10-10,1,89.37,MG,89.37,,
North Branch,event,,2017-01-17 00:00:00,2017-01-17,1,131.355,MG,131.355,,
North Branch,event,,2017-01-20 00:00:00,2017-01-20,1,78.975,MG,78.975,,
North Branch,event,,2/28-3/1 2017,2017-02-28,2,70.065,MG,70.065,parsed-from:2/28-3/1 2017,
North Branch,event,,3/30-31/17,2017-03-30,2,386.505,MG,386.505,parsed-from:3/30-31/17,
North Branch,event,,4/5-6/17,2017-04-05,2,292.41,MG,292.41,parsed-from:4/5-6/17,
North Branch,event,,2017-04-10 00:00:00,2017-04-10,1,17.55,MG,17.55,,
North Branch,event,,2017-04-16 00:00:00,2017-04-16,1,34.02,MG,34.02,,
North Branch,event,,4/29-30/17,2017-04-29,2,330.615,MG,330.615,parsed-from:4/29-30/17,
North Branch,event,,4/30-5/1/17,2017-04-30,2,319.005,MG,319.005,parsed-from:4/30-5/1/17,
North Branch,event,,5/10-11/2017,2017-05-10,2,57.51,MG,57.51,parsed-from:5/10-11/2017,
North Branch,event,,2017-06-14 00:00:00,2017-06-14,1,27.81,MG,27.81,,
North Branch,event,,2017-06-17 00:00:00,2017-06-17,1,22.275,MG,22.275,,
North Branch,event,,2017-06-29 00:00:00,2017-06-29,1,69.525,MG,69.525,,
North Branch,event,,2017-07-12 00:00:00,2017-07-12,1,110.835,MG,110.835,,
North Branch,event,,2017-07-20 00:00:00,2017-07-20,1,130.68,MG,130.68,,
North Branch,event,,2017-07-21 00:00:00,2017-07-21,1,38.205,MG,38.205,,
North Branch,event,,7/21-22/17,2017-07-21,2,194.67,MG,194.67,parsed-from:7/21-22/17,
North Branch,event,,2017-10-11 00:00:00,2017-10-11,1,93.825,MG,93.825,,
North Branch,event,,10/14-15/17,2017-10-14,2,910.845,MG,910.845,parsed-from:10/14-15/17,
North Branch,event,,2017-10-23 00:00:00,2017-10-23,1,196.83,MG,196.83,,
North Branch,event,,2017-10-24 00:00:00,2017-10-24,1,118.935,MG,118.935,,
North Branch,event,,2016-02-02 00:00:00,2016-02-02,1,33.21,MG,33.21,,
North Branch,event,,2016-04-28 00:00:00,2016-04-28,1,82.35,MG,82.35,,
North Branch,event,,2016-04-30 00:00:00,2016-04-30,1,61.425,MG,61.425,,
North Branch,event,,5/1-2/2016,2016-05-01,2,68.85,MG,68.85,parsed-from:5/1-2/2016,
North Branch,event,,2016-05-09 00:00:00,2016-05-09,1,56.565,MG,56.565,,
North Branch,event,,2016-05-10 00:00:00,2016-05-10,1,57.915,MG,57.915,,
North Branch,event,,2016-05-12 00:00:00,2016-05-12,1,111.24,MG,111.24,,
North Branch,event,,5/13-14/16,2016-05-13,2,125.55,MG,125.55,parsed-from:5/13-14/16,
North Branch,event,,5/25-26/16,2016-05-25,2,175.23,MG,175.23,parsed-from:5/25-26/16,
North Branch,event,,2016-05-27 00:00:00,2016-05-27,1,20.79,MG,20.79,,
North Branch,event,,2016-06-22 00:00:00,2016-06-22,1,35.235,MG,35.235,,
North Branch,event,,7/12-13/16,2016-07-12,2,1040.76,MG,1040.76,parsed-from:7/12-13/16,
North Branch,event,,7/23-24/16,2016-07-23,2,250.695,MG,250.695,parsed-from:7/23-24/16,
North Branch,event,,2016-07-24 00:00:00,2016-07-24,1,70.74,MG,70.74,,
North Branch,event,,2016-08-12 00:00:00,2016-08-12,1,31.32,MG,31.32,,
North Branch,event,,2016-08-13 00:00:00,2016-08-13,1,16.065,MG,16.065,,
North Branch,event,,2016-08-20 00:00:00,2016-08-20,1,105.975,MG,105.975,,
North Branch,event,,2016-08-27 00:00:00,2016-08-27,1,64.26,MG,64.26,,
North Branch,event,,2016-08-30 00:00:00,2016-08-30,1,12.69,MG,12.69,,
North Branch,event,,2015-04-09 00:00:00,2015-04-09,1,99.36,MG,99.36,,
North Branch,event,,2015-05-05 00:00:00,2015-05-05,1,24.435,MG,24.435,,
North Branch,event,,2015-05-09 00:00:00,2015-05-09,1,28.89,MG,28.89,,
North Branch,event,,2015-06-14 00:00:00,2015-06-14,1,162.405,MG,162.405,,
North Branch,event,,6/15-16/15,2015-06-15,2,390.96,MG,390.96,parsed-from:6/15-16/15,
North Branch,event,,8/18-19/15,2015-08-18,2,80.19,MG,80.19,parsed-from:8/18-19/15,
North Branch,event,,2015-09-08 00:00:00,2015-09-08,1,30.915,MG,30.915,,
North Branch,event,,9/18-19/15,2015-09-18,2,299.7,MG,299.7,parsed-from:9/18-19/15,
North Branch,event,,2015-11-27 00:00:00,2015-11-27,1,36.72,MG,36.72,,
North Branch,event,,2015-12-23 00:00:00,2015-12-23,1,47.655,MG,47.655,,
North Branch,event,,12/28-29/15,2015-12-28,2,102.735,MG,102.735,parsed-from:12/28-29/15,
North Branch,event,,1/10-11/14,2014-01-10,2,139.185,MG,139.185,parsed-from:1/10-11/14,
North Branch,event,,2/20-21/14,2014-02-20,2,231.39,MG,231.39,parsed-from:2/20-21/14,
North Branch,event,,2014-05-09 00:00:00,2014-05-09,1,67.095,MG,67.095,,
North Branch,event,,2014-06-11 00:00:00,2014-06-11,1,100.98,MG,100.98,,
North Branch,event,,2014-06-21 00:00:00,2014-06-21,1,138.645,MG,138.645,,
North Branch,event,,6/30-7/1/14,2014-06-30,2,332.91,MG,332.91,parsed-from:6/30-7/1/14,
North Branch,event,,2014-07-12 00:00:00,2014-07-12,1,71.01,MG,71.01,,
North Branch,event,,2014-07-13 00:00:00,2014-07-13,1,46.71,MG,46.71,,
North Branch,event,,2014-08-22 00:00:00,2014-08-22,1,94.095,MG,94.095,,
North Branch,event,,2014-08-23 00:00:00,2014-08-23,1,159.3,MG,159.3,,
North Branch,event,,2014-08-25 00:00:00,2014-08-25,1,46.71,MG,46.71,,
North Branch,event,,2014-09-10 00:00:00,2014-09-10,1,66.69,MG,66.69,,
North Branch,event,,2014-10-03 00:00:00,2014-10-03,1,228.285,MG,228.285,,
North Branch,event,,10/14-15/14,2014-10-14,2,142.965,MG,142.965,parsed-from:10/14-15/14,
North Branch,event,,1/29-30/13,2013-01-29,2,134.46,MG,134.46,parsed-from:1/29-30/13,
North Branch,event,,2013-03-10 00:00:00,2013-03-10,1,98.01,MG,98.01,,
North Branch,event,,2013-04-11 00:00:00,2013-04-11,1,63.585,MG,63.585,,
North Branch,event,,4/17-19/13,2013-04-17,3,1109.565,MG,1109.565,parsed-from:4/17-19/13,
North Branch,event,,2013-05-21 00:00:00,2013-05-21,1,24.84,MG,24.84,,
North Branch,event,,2013-05-22 00:00:00,2013-05-22,1,149.58,MG,149.58,,
North Branch,event,,2013-06-01 00:00:00,2013-06-01,1,70.335,MG,70.335,,
North Branch,event,,2013-06-26 00:00:00,2013-06-26,1,159.3,MG,159.3,,
North Branch,event,,2013-09-18 00:00:00,2013-09-18,1,45.63,MG,45.63,,
North Branch,event,,2013-09-19 00:00:00,2013-09-19,1,80.73,MG,80.73,,
North Branch,event,,2013-10-05 00:00:00,2013-10-05,1,15.66,MG,15.66,,
North Branch,event,,2013-10-31 00:00:00,2013-10-31,1,88.155,MG,88.155,,
North Branch,event,,2013-11-06 00:00:00,2013-11-06,1,30.51,MG,30.51,,
North Branch,event,,2013-11-17 00:00:00,2013-11-17,1,54.405,MG,54.405,,
North Branch,event,,2012-01-23 00:00:00,2012-01-23,1,72.225,MG,72.225,,
North Branch,event,,2012-03-23 00:00:00,2012-03-23,1,51.705,MG,51.705,,
North Branch,event,,2012-04-15 00:00:00,2012-04-15,1,42.795,MG,42.795,,
North Branch,event,,4/15-16/12,2012-04-15,2,29.295,MG,29.295,parsed-from:4/15-16/12,
North Branch,event,,5/3-4/12,2012-05-03,2,106.785,MG,106.785,parsed-from:5/3-4/12,
North Branch,event,,2012-05-07 00:00:00,2012-05-07,1,46.035,MG,46.035,,
North Branch,event,,2012-07-19 00:00:00,2012-07-19,1,89.37,MG,89.37,,
North Branch,event,,2012-07-24 00:00:00,2012-07-24,1,27.945,MG,27.945,,
North Branch,event,,8/26-27/11,2011-08-26,2,63.855,MG,63.855,parsed-from:8/26-27/11,
North Branch,event,,2/20-21/11,2011-02-20,2,143.1,MG,143.1,parsed-from:2/20-21/11,
North Branch,event,,3/4-5/2011,2011-03-04,2,120.15,MG,120.15,parsed-from:3/4-5/2011,
North Branch,event,,4/19-4/20/11,2011-04-19,2,143.51,MG,143.51,parsed-from:4/19-4/20/11,
North Branch,event,,2011-04-26 00:00:00,2011-04-26,1,100.44,MG,100.44,,
North Branch,event,,2011-05-25 00:00:00,2011-05-25,1,90.45,MG,90.45,,
North Branch,event,,5/25-26/11,2011-05-25,2,386.5053,MG,386.5053,parsed-from:5/25-26/11,
North Branch,event,,5/29-30/11,2011-05-29,2,252.99,MG,252.99,parsed-from:5/29-30/11,
North Branch,event,,2011-06-09 00:00:00,2011-06-09,1,45.9,MG,45.9,,
North Branch,event,,2011-06-10 00:00:00,2011-06-10,1,13.77,MG,13.77,,
North Branch,event,,2011-06-15 00:00:00,2011-06-15,1,37.8,MG,37.8,,
North Branch,event,,2011-07-22 00:00:00,2011-07-22,1,16.875,MG,16.875,,
North Branch,event,,2011-07-23 00:00:00,2011-07-23,1,392.175,MG,392.175,,
North Branch,event,,7/27-28/11,2011-07-27,2,89.775,MG,89.775,parsed-from:7/27-28/11,
North Branch,event,,2011-07-29 00:00:00,2011-07-29,1,225.855,MG,225.855,,
North Branch,event,,8/2-3/11,2011-08-02,2,63.315,MG,63.315,parsed-from:8/2-3/11,
North Branch,event,,2011-09-26 00:00:00,2011-09-26,1,38.88,MG,38.88,,
North Branch,event,,4/5-6/10,2010-04-05,2,23.63,MG,23.63,parsed-from:4/5-6/10,
North Branch,event,,2010-04-06 00:00:00,2010-04-06,1,46.98,MG,46.98,,
North Branch,event,,2010-05-02 00:00:00,2010-05-02,1,37.13,MG,37.13,,
North Branch,event,,2010-05-13 00:00:00,2010-05-13,1,263.93,MG,263.93,,
North Branch,event,,2010-06-02 00:00:00,2010-06-02,1,136.49,MG,136.49,,
North Branch,event,,2010-06-15 00:00:00,2010-06-15,1,44.01,MG,44.01,,
North Branch,event,,6/18-19/10,2010-06-18,2,29.3,MG,29.3,parsed-from:6/18-19/10,
North Branch,event,,6/23-24/10,2010-06-23,2,136.22,MG,136.22,parsed-from:6/23-24/10,
North Branch,event,,2010-06-26 00:00:00,2010-06-26,1,35.64,MG,35.64,,
North Branch,event,,2010-06-27 00:00:00,2010-06-27,1,35.64,MG,35.64,,
North Branch,event,,7/24-25/10,2010-07-24,2,575.91,MG,575.91,parsed-from:7/24-25/10,
North Branch,event,,2010-07-31 00:00:00,2010-07-31,1,79.92,MG,79.92,,
North Branch,event,,2010-08-04 00:00:00,2010-08-04,1,104.895,MG,104.895,,
North Branch,event,,2010-11-22 00:00:00,2010-11-22,1,106.52,MG,106.52,,
North Branch,event,,2010-12-31 00:00:00,2010-12-31,1,32.535,MG,32.535,,
North Branch,event,,2/26-27/09,2009-02-26,2,394.47,MG,394.47,parsed-from:2/26-27/09,
North Branch,event,,3/7-3/9/09,2009-03-07,3,604.935,MG,604.935,parsed-from:3/7-3/9/09,
North Branch,event,,2009-03-10 00:00:00,2009-03-10,1,200.745,MG,200.745,,
North Branch,event,,2009-03-29 00:00:00,2009-03-29,1,38.205,MG,38.205,,
North Branch,event,,2009-03-31 00:00:00,2009-03-31,1,34.02,MG,34.02,,
North Branch,event,,4/27-28/09,2009-04-27,2,103.815,MG,103.815,parsed-from:4/27-28/09,
North Branch,event,,2009-04-30 00:00:00,2009-04-30,1,43.605,MG,43.605,,
North Branch,event,,5/6-7/09,2009-05-06,2,17.145,MG,17.145,parsed-from:5/6-7/09,
North Branch,event,,5/13-14/09,2009-05-13,2,13.23,MG,13.23,parsed-from:5/13-14/09,
North Branch,event,,5/26-27/09,2009-05-26,2,82.215,MG,82.215,parsed-from:5/26-27/09,
North Branch,event,,6/16-17/09,2009-06-16,2,100.58,MG,100.58,parsed-from:6/16-17/09,
North Branch,event,,6/19-20/09,2009-06-19,2,641.655,MG,641.655,parsed-from:6/19-20/09,
North Branch,event,,2009-06-20 00:00:00,2009-06-20,1,44.01,MG,44.01,,
North Branch,event,,2009-08-27 00:00:00,2009-08-27,1,68.04,MG,68.04,,
North Branch,event,,10/22-23/09,2009-10-22,2,300.51,MG,300.51,parsed-from:10/22-23/09,
North Branch,event,,2009-10-30 00:00:00,2009-10-30,1,88.83,MG,88.83,,
North Branch,event,,2009-10-30 00:00:00,2009-10-30,1,54.81,MG,54.81,,
North Branch,event,,2009-10-30 00:00:00,2009-10-30,1,262.44,MG,262.44,,
North Branch,event,,2009-12-25 00:00:00,2009-12-25,1,168.35,MG,168.35,,
North Branch,event,,2008-01-08 00:00:00,2008-01-08,1,106.79,MG,106.79,,
North Branch,event,,2008-02-17 00:00:00,2008-02-17,1,155.66,MG,155.66,,
North Branch,event,,2008-03-03 00:00:00,2008-03-03,1,39.69,MG,39.69,,
North Branch,event,,2008-04-10 00:00:00,2008-04-10,1,71.82,MG,71.82,,
North Branch,event,,2008-05-11 00:00:00,2008-05-11,1,55.89,MG,55.89,,
North Branch,event,,2008-06-09 00:00:00,2008-06-09,1,72.5,MG,72.5,,
North Branch,event,,2008-07-12 00:00:00,2008-07-12,1,13.64,MG,13.64,,
North Branch,event,,2008-07-19 00:00:00,2008-07-19,1,100.58,MG,100.58,,
North Branch,event,,2008-07-20 00:00:00,2008-07-20,1,66.69,MG,66.69,,
North Branch,event,,8/4-5/08,2008-08-04,2,199.94,MG,199.94,parsed-from:8/4-5/08,
North Branch,event,,9/4-5/08,2008-09-04,2,377.33,MG,377.33,parsed-from:9/4-5/08,
North Branch,event,,2008-09-08 00:00:00,2008-09-08,1,50.9,MG,50.9,,
North Branch,event,,9/13-15/08,2008-09-13,3,1348.92,MG,1348.92,parsed-from:9/13-15/08,
North Branch,event,,2008-10-07 00:00:00,2008-10-07,1,18.23,MG,18.23,,
North Branch,event,,2008-12-09 00:00:00,2008-12-09,1,60.75,MG,60.75,,
North Branch,event,,12/27-28/08,2008-12-27,2,781.11,MG,781.11,parsed-from:12/27-28/08,
North Branch,event,,2007-01-04 00:00:00,2007-01-04,1,44.28,MG,44.28,,
North Branch,event,,2007-03-01 00:00:00,2007-03-01,1,46.58,MG,46.58,,
North Branch,event,,2007-04-25 00:00:00,2007-04-25,1,59.13,MG,59.13,,
North Branch,event,,2007-04-26 00:00:00,2007-04-26,1,23.085,MG,23.085,,
North Branch,event,,2007-06-26 00:00:00,2007-06-26,1,64.53,MG,64.53,,
North Branch,event,,2007-06-27 00:00:00,2007-06-27,1,13.5,MG,13.5,,
North Branch,event,,7/18-19/07,2007-07-18,2,41.72,MG,41.72,parsed-from:7/18-19/07,
North Branch,event,,2007-08-05 00:00:00,2007-08-05,1,56.57,MG,56.57,,
North Branch,event,,2007-08-07 00:00:00,2007-08-07,1,142.7,MG,142.7,,
North Branch,event,,2007-08-08 00:00:00,2007-08-08,1,38.34,MG,38.34,,
North Branch,event,,2007-08-19 00:00:00,2007-08-19,1,58.86,MG,58.86,,
North Branch,event,,8/19-20/07,2007-08-19,2,279.18,MG,279.18,parsed-from:8/19-20/07,
North Branch,event,,2007-08-20 00:00:00,2007-08-20,1,29.16,MG,29.16,,
North Branch,event,,8/22-23/07,2007-08-22,2,112.86,MG,112.86,parsed-from:8/22-23/07,
North Branch,event,,8/23-24/07,2007-08-23,2,416.21,MG,416.21,parsed-from:8/23-24/07,
North Branch,event,,2006-02-16 00:00:00,2006-02-16,1,26.46,MG,26.46,,
North Branch,event,,2006-03-13 00:00:00,2006-03-13,1,132.165,MG,132.165,,
North Branch,event,,2006-04-03 00:00:00,2006-04-03,1,79.515,MG,79.515,,
North Branch,event,,4/16-17/06,2006-04-16,2,93.96000000000001,MG,93.96,parsed-from:4/16-17/06,
North Branch,event,,2006-06-10 00:00:00,2006-06-10,1,73.845,MG,73.845,,
North Branch,event,,2006-06-26 00:00:00,2006-06-26,1,33.345,MG,33.345,,
North Branch,event,,2006-07-20 00:00:00,2006-07-20,1,86.535,MG,86.535,,
North Branch,event,,8/2-3/06,2006-08-02,2,115.695,MG,115.695,parsed-from:8/2-3/06,
North Branch,event,,2006-08-28 00:00:00,2006-08-28,1,38.61,MG,38.61,,
North Branch,event,,2006-08-29 00:00:00,2006-08-29,1,24.705,MG,24.705,,
North Branch,event,,10/02-03/06,2006-10-02,2,210.47,MG,210.47,parsed-from:10/02-03/06,
North Branch,event,,2006-10-17 00:00:00,2006-10-17,1,11.75,MG,11.75,,
North Branch,event,,2006-11-10 00:00:00,2006-11-10,1,20.25,MG,20.25,,
North Branch,event,,11/29-30/06,2006-11-29,2,162.27,MG,162.27,parsed-from:11/29-30/06,
North Branch,event,,2006-12-22 00:00:00,2006-12-22,1,128.66,MG,128.66,,
North Branch,event,,1/12-13/05,2005-01-12,2,468.315,MG,468.315,parsed-from:1/12-13/05,
North Branch,event,,2005-03-30 00:00:00,2005-03-30,1,18.765,MG,18.765,,
North Branch,event,,2005-07-26 00:00:00,2005-07-26,1,10.53,MG,10.53,,
North Branch,event,,2005-08-20 00:00:00,2005-08-20,1,116.1,MG,116.1,,
North Branch,event,,3/4-5/04,2004-03-04,2,239.085,MG,239.085,parsed-from:3/4-5/04,
North Branch,event,,2004-05-14 00:00:00,2004-05-14,1,32.13,MG,32.13,,
North Branch,event,,2004-05-22 00:00:00,2004-05-22,1,50.895,MG,50.895,,
North Branch,event,,5/22-23/04,2004-05-22,2,37.8,MG,37.8,parsed-from:5/22-23/04,
North Branch,event,,2004-05-30 00:00:00,2004-05-30,1,81.675,MG,81.675,,
North Branch,event,,5/30-31/04,2004-05-30,2,110.97,MG,110.97,parsed-from:5/30-31/04,
North Branch,event,,6/10-11/04,2004-06-10,2,164.43,MG,164.43,parsed-from:6/10-11/04,
North Branch,event,,2004-06-12 00:00:00,2004-06-12,1,20.925,MG,20.925,,
North Branch,event,,2004-06-12 00:00:00,2004-06-12,1,19.305,MG,19.305,,
North Branch,event,,2004-07-04 00:00:00,2004-07-04,1,26.865,MG,26.865,,
North Branch,event,,2004-08-04 00:00:00,2004-08-04,1,35.775,MG,35.775,,
North Branch,event,,2004-08-28 00:00:00,2004-08-28,1,198.315,MG,198.315,,
North Branch,event,,2004-11-01 00:00:00,2004-11-01,1,50.625,MG,50.625,,
North Branch,event,,2004-11-04 00:00:00,2004-11-04,1,54.27,MG,54.27,,
North Branch,event,,2004-12-07 00:00:00,2004-12-07,1,57.375,MG,57.375,,
North Branch,event,,2003-04-04 00:00:00,2003-04-04,1,106.38,MG,106.38,,
North Branch,event,,4/30 - 5/1/03,2003-04-30,2,376.69,MG,376.69,parsed-from:4/30 - 5/1/03,
North Branch,event,,5/4-5/03,2003-05-04,2,187.77,MG,187.77,parsed-from:5/4-5/03,
North Branch,event,,2003-05-09 00:00:00,2003-05-09,1,175.095,MG,175.095,,
North Branch,event,,2003-05-10 00:00:00,2003-05-10,1,12.69,MG,12.69,,
North Branch,event,,5/10-11/03,2003-05-10,2,124.875,MG,124.875,parsed-from:5/10-11/03,
North Branch,event,,2003-05-11 00:00:00,2003-05-11,1,17.415,MG,17.415,,
North Branch,event,,2003-07-06 00:00:00,2003-07-06,1,52.65,MG,52.65,,
North Branch,event,,2003-07-15 00:00:00,2003-07-15,1,59.92,MG,59.92,,
North Branch,event,,2003-07-17 00:00:00,2003-07-17,1,89.91,MG,89.91,,
North Branch,event,,2003-08-03 00:00:00,2003-08-03,1,110.7,MG,110.7,,
North Branch,event,,2003-11-03 00:00:00,2003-11-03,1,57.24,MG,57.24,,
North Branch,event,,11/4-5/03,2003-11-04,2,172.395,MG,172.395,parsed-from:11/4-5/03,
North Branch,event,,2003-11-18 00:00:00,2003-11-18,1,129.87,MG,129.87,,
North Branch,event,,2002-03-09 00:00:00,2002-03-09,1,48.195,MG,48.195,,
North Branch,event,,4/8-9/02,2002-04-08,2,75.735,MG,75.735,parsed-from:4/8-9/02,
North Branch,event,,5/11-12/02,2002-05-11,2,358.425,MG,358.425,parsed-from:5/11-12/02,
North Branch,event,,2002-05-16 00:00:00,2002-05-16,1,122.985,MG,122.985,,
North Branch,event,,2002-06-04 00:00:00,2002-06-04,1,247.455,MG,247.455,,
North Branch,event,,2002-06-10 00:00:00,2002-06-10,1,64.665,MG,64.665,,
North Branch,event,,2002-06-14 00:00:00,2002-06-14,1,18.63,MG,18.63,,
North Branch,event,,2002-07-09 00:00:00,2002-07-09,1,65.61,MG,65.61,,
North Branch,event,,8/13-14/02,2002-08-13,2,24.57,MG,24.57,parsed-from:8/13-14/02,
North Branch,event,,2002-08-22 00:00:00,2002-08-22,1,405.945,MG,405.945,,
North Branch,event,,2002-08-23 00:00:00,2002-08-23,1,26.055,MG,26.055,,
North Branch,event,,2002-10-04 00:00:00,2002-10-04,1,48.465,MG,48.465,,
North Branch,event,,2002-12-18 00:00:00,2002-12-18,1,58.59,MG,58.59,,
North Branch,event,,2001-02-08 00:00:00,2001-02-08,1,46,MG,46,,
North Branch,event,,2001-02-09 00:00:00,2001-02-09,1,188,MG,188,,
North Branch,event,,2001-02-24 00:00:00,2001-02-24,1,96,MG,96,,
North Branch,event,,2001-02-25 00:00:00,2001-02-25,1,12,MG,12,,
North Branch,event,,2001-05-27 00:00:00,2001-05-27,1,38,MG,38,,
North Branch,event,,2001-07-25 00:00:00,2001-07-25,1,98,MG,98,,
North Branch,event,,2001-08-02 00:00:00,2001-08-02,1,264,MG,264,,
North Branch,event,,2001-08-09 00:00:00,2001-08-09,1,38,MG,38,,
North Branch,event,,2001-08-25 00:00:00,2001-08-25,1,171,MG,171,,
North Branch,event,,2001-08-30 00:00:00,2001-08-30,1,48,MG,48,,
North Branch,event,,2001-08-31 00:00:00,2001-08-31,1,285,MG,285,,
North Branch,event,,2001-09-19 00:00:00,2001-09-19,1,183.33,MG,183.33,,
North Branch,event,,9/20-21/2001,2001-09-20,2,153.63,MG,153.63,parsed-from:9/20-21/2001,
North Branch,event,,2001-09-23 00:00:00,2001-09-23,1,36.45,MG,36.45,,
North Branch,event,,2001-10-04 00:00:00,2001-10-04,1,6,MG,6,,
North Branch,event,,2001-10-05 00:00:00,2001-10-05,1,68,MG,68,,
North Branch,event,,2001-10-12 00:00:00,2001-10-12,1,99.9,MG,99.9,,
North Branch,event,,10/13-14/2001,2001-10-13,2,535.54,MG,535.54,parsed-from:10/13-14/2001,
North Branch,event,,2001-10-23 00:00:00,2001-10-23,1,146.88,MG,146.88,,
North Branch,event,,10/24-25/2001,2001-10-24,2,216,MG,216,parsed-from:10/24-25/2001,
North Branch,event,,2000-04-16 00:00:00,2000-04-16,1,8,MG,8,,
North Branch,event,,2000-04-17 00:00:00,2000-04-17,1,54,MG,54,,
North Branch,event,,2000-04-19 00:00:00,2000-04-19,1,40,MG,40,,
North Branch,event,,2000-04-20 00:00:00,2000-04-20,1,428,MG,428,,
North Branch,event,,2000-04-21 00:00:00,2000-04-21,1,273,MG,273,,
North Branch,event,,2000-05-09 00:00:00,2000-05-09,1,60,MG,60,,
North Branch,event,,2000-05-12 00:00:00,2000-05-12,1,18,MG,18,,
North Branch,event,,2000-05-28 00:00:00,2000-05-28,1,39,MG,39,,
North Branch,event,,2000-06-24 00:00:00,2000-06-24,1,45,MG,45,,
North Branch,event,,2000-06-25 00:00:00,2000-06-25,1,9,MG,9,,
North Branch,event,,2000-07-02 00:00:00,2000-07-02,1,2,MG,2,,
North Branch,event,,2000-07-03 00:00:00,2000-07-03,1,138,MG,138,,
North Branch,event,,2000-07-10 00:00:00,2000-07-10,1,98,MG,98,,
North Branch,event,,2000-08-06 00:00:00,2000-08-06,1,29,MG,29,,
North Branch,event,,2000-09-11 00:00:00,2000-09-11,1,178,MG,178,,
North Branch,event,,2000-09-12 00:00:00,2000-09-12,1,189,MG,189,,
North Branch,event,,2000-09-22 00:00:00,2000-09-22,1,19,MG,19,,
North Branch,event,,2000-09-23 00:00:00,2000-09-23,1,4,MG,4,,
North Branch,event,,2000-10-04 00:00:00,2000-10-04,1,72,MG,72,,
North Branch,event,,2000-11-09 00:00:00,2000-11-09,1,65,MG,65,,
Racine Avenue,event,2026,3/15-16/26,2026-03-15,2,897.277,MG,897.277,parsed-from:3/15-16/26,
Racine Avenue,event,,2026-04-04 00:00:00,2026-04-04,1,708.819,MG,708.819,,
Racine Avenue,event,,4/17-18/26,2026-04-17,2,638.402,MG,638.402,parsed-from:4/17-18/26,
Racine Avenue,event,,6/24-25/26,2026-06-24,2,219.786,MG,219.786,parsed-from:6/24-25/26,
Racine Avenue,event,,7/3-5/26,2026-07-03,3,2758.7872,MG,2758.7872,parsed-from:7/3-5/26,
Racine Avenue,event,2025,8/17-18/25,2025-08-17,2,1294.9875,MG,1294.9875,parsed-from:8/17-18/25,
Racine Avenue,event,,8/18-19/25,2025-08-18,2,1324.976,MG,1324.976,parsed-from:8/18-19/25,
Racine Avenue,event,2024,2024-03-04 00:00:00,2024-03-04,1,1.1225,MG,1.1225,,
Racine Avenue,event,2023,2023-07-02 00:00:00,2023-07-02,1,68.8295,MG,68.8295,,
Racine Avenue,event,,7/3-5/23,2023-07-03,3,832.895,MG,832.895,parsed-from:7/3-5/23,
Racine Avenue,event,,7/5-6/23,2023-07-05,2,845.165,MG,845.165,parsed-from:7/5-6/23,
Racine Avenue,event,,7/12-13/23,2023-07-12,2,543.63,MG,543.63,parsed-from:7/12-13/23,
Racine Avenue,event,,7/14-15/23,2023-07-14,2,117.8625,MG,117.8625,parsed-from:7/14-15/23,
Racine Avenue,no-discharge-year,2022,No Discharge,,,,MG,,,
Racine Avenue,event,2021,6/26-27/21,2021-06-26,2,838.2465,MG,838.2465,parsed-from:6/26-27/21,
Racine Avenue,event,,2021-06-28 00:00:00,2021-06-28,1,110.405,MG,110.405,,
Racine Avenue,event,,1931-06-29 00:00:00,1931-06-29,1,299.0825,MG,299.0825,,
Racine Avenue,event,,6/30-7/1/21,2021-06-30,2,190.376,MG,190.376,parsed-from:6/30-7/1/21,
Racine Avenue,event,,2021-10-25 00:00:00,2021-10-25,1,85.5345,MG,85.5345,,
Racine Avenue,event,,10/29-30/21,2021-10-29,2,358.112,MG,358.112,parsed-from:10/29-30/21,
Racine Avenue,event,2020,4/30-5/1/20,2020-04-30,2,1555.327,MG,1555.327,parsed-from:4/30-5/1/20,
Racine Avenue,event,,2020-05-15 00:00:00,2020-05-15,1,342.7755,MG,342.7755,,
Racine Avenue,event,,5/17-20/20,2020-05-17,4,5955.155,MG,5955.155,parsed-from:5/17-20/20,
Racine Avenue,event,,5/23-24/20,2020-05-23,2,330.2395,MG,330.2395,parsed-from:5/23-24/20,
Racine Avenue,event,2019,4/29-5/3/19,2019-04-29,5,4706.466,MG,4706.466,parsed-from:4/29-5/3/19,
Racine Avenue,event,,5/3-4/19,2019-05-03,2,60.615,MG,60.615,parsed-from:5/3-4/19,
Racine Avenue,event,,2019-05-09 00:00:00,2019-05-09,1,1250.8,MG,1250.8,,
Racine Avenue,event,,2019-05-22 00:00:00,2019-05-22,1,770.545,MG,770.545,,
Racine Avenue,event,,5/27-30/19,2019-05-27,4,2403.8,MG,2403.8,parsed-from:5/27-30/19,
Racine Avenue,event,,2019-06-01 00:00:00,2019-06-01,1,178.655,MG,178.655,,
Racine Avenue,event,,2019-06-05 00:00:00,2019-06-05,1,168.375,MG,168.375,,
Racine Avenue,event,,2019-10-03 00:00:00,2019-10-03,1,730.966,MG,730.966,,
Racine Avenue,event,,10/5-6/19,2019-10-05,2,184.988,MG,184.988,parsed-from:10/5-6/19,
Racine Avenue,event,,2019-10-27 00:00:00,2019-10-27,1,699.678,MG,699.678,,
Racine Avenue,event,,10/30-31/19,2019-10-30,2,1459.163,MG,1459.163,parsed-from:10/30-31/19,
Racine Avenue,event,2018,2/20-21/18,2018-02-20,2,1638.739,MG,1638.739,parsed-from:2/20-21/18,
Racine Avenue,event,,2018-03-01 00:00:00,2018-03-01,1,120.323,MG,120.323,,
Racine Avenue,event,,5/14-15/18,2018-05-14,2,879.959,MG,879.959,parsed-from:5/14-15/18,
Racine Avenue,event,,5/21-22/2018,2018-05-21,2,681.333,MG,681.333,parsed-from:5/21-22/2018,
Racine Avenue,event,,6/22-23/18,2018-06-22,2,1067.613,MG,1067.613,parsed-from:6/22-23/18,
Racine Avenue,event,,2018-06-26 00:00:00,2018-06-26,1,303.075,MG,303.075,,
Racine Avenue,event,,10/10-11/18,2018-10-10,2,391.8905,MG,391.8905,parsed-from:10/10-11/18,
Racine Avenue,event,2017,2017-01-17 00:00:00,2017-01-17,1,511.17,MG,511.17,,
Racine Avenue,event,,1/19-20/17,2017-01-19,2,721.99,MG,721.99,parsed-from:1/19-20/17,
Racine Avenue,event,,2017-02-07 00:00:00,2017-02-07,1,408.14,MG,408.14,,
Racine Avenue,event,,2/28-3/1/17,2017-02-28,2,551.26,MG,551.26,parsed-from:2/28-3/1/17,
Racine Avenue,event,,3/30-31/17,2017-03-30,2,1708.72,MG,1708.72,parsed-from:3/30-31/17,
Racine Avenue,event,,4/5-6/17,2017-04-05,2,1265.3,MG,1265.3,parsed-from:4/5-6/17,
Racine Avenue,event,,4/29-5/2/17,2017-04-29,4,3680.427,MG,3680.427,parsed-from:4/29-5/2/17,
Racine Avenue,event,,5/10-11/2017,2017-05-10,2,286.911,MG,286.911,parsed-from:5/10-11/2017,
Racine Avenue,event,,2017-05-24 00:00:00,2017-05-24,1,86.433,MG,86.433,,
Racine Avenue,event,,6/14-15/2017,2017-06-14,2,118.338,MG,118.338,parsed-from:6/14-15/2017,
Racine Avenue,event,,2017-07-12 00:00:00,2017-07-12,1,562.709,MG,562.709,,
Racine Avenue,event,,2017-07-20 00:00:00,2017-07-20,1,525.137,MG,525.137,,
Racine Avenue,event,,7/21-22/17,2017-07-21,2,1029.502,MG,1029.502,parsed-from:7/21-22/17,
Racine Avenue,event,,10/10-11/17,2017-10-10,2,681.43,MG,681.43,parsed-from:10/10-11/17,
Racine Avenue,event,,10/14-16/17,2017-10-14,3,3718.109,MG,3718.109,parsed-from:10/14-16/17,
Racine Avenue,event,,10/23-24/17,2017-10-23,2,984.75,MG,984.75,parsed-from:10/23-24/17,
Racine Avenue,event,,10/24-25/17,2017-10-24,2,740.343,MG,740.343,parsed-from:10/24-25/17,
Racine Avenue,event,,2/2-3/16,2016-02-02,2,439.9,MG,439.9,parsed-from:2/2-3/16,
Racine Avenue,event,,2016-03-24 00:00:00,2016-03-24,1,176.35,MG,176.35,,
Racine Avenue,event,,2016-04-28 00:00:00,2016-04-28,1,226.3,MG,226.3,,
Racine Avenue,event,,4/30/16-5/1/16,2016-04-30,2,376.94,MG,376.94,parsed-from:4/30/16-5/1/16,
Racine Avenue,event,,5/1-2/16,2016-05-01,2,558.76,MG,558.76,parsed-from:5/1-2/16,
Racine Avenue,event,,2016-05-04 00:00:00,2016-05-04,1,289.65,MG,289.65,,
Racine Avenue,event,,5/10-11/16,2016-05-10,2,682.48,MG,682.48,parsed-from:5/10-11/16,
Racine Avenue,event,,5/12-13/16,2016-05-12,2,1096.61,MG,1096.61,parsed-from:5/12-13/16,
Racine Avenue,event,,5/13-15/16,2016-05-13,3,1073.56,MG,1073.56,parsed-from:5/13-15/16,
Racine Avenue,event,,2016-05-25 00:00:00,2016-05-25,1,769.79,MG,769.79,,
Racine Avenue,event,,2016-05-27 00:00:00,2016-05-27,1,360.55,MG,360.55,,
Racine Avenue,event,,5/31/16-6/1/16,2016-05-31,2,314.97,MG,314.97,parsed-from:5/31/16-6/1/16,
Racine Avenue,event,,2016-06-01 00:00:00,2016-06-01,1,138.07,MG,138.07,,
Racine Avenue,event,,6/22-23/16,2016-06-22,2,154.91,MG,154.91,parsed-from:6/22-23/16,
Racine Avenue,event,,2016-07-06 00:00:00,2016-07-06,1,101.87,MG,101.87,,
Racine Avenue,event,,7/23-24/16,2016-07-23,2,1103.92,MG,1103.92,parsed-from:7/23-24/16,
Racine Avenue,event,,7/24-25/16,2016-07-24,2,416.77,MG,416.77,parsed-from:7/24-25/16,
Racine Avenue,event,,8/12-13/16,2016-08-12,2,1040.76,MG,1040.76,parsed-from:8/12-13/16,
Racine Avenue,event,,2016-08-20 00:00:00,2016-08-20,1,467.71,MG,467.71,,
Racine Avenue,event,,2016-08-27 00:00:00,2016-08-27,1,200.47,MG,200.47,,
Racine Avenue,event,,2016-10-01 00:00:00,2016-10-01,1,70.69,MG,70.69,,
Racine Avenue,event,,4/9-10/15,2015-04-09,2,670,MG,670,parsed-from:4/9-10/15,
Racine Avenue,event,,2015-05-05 00:00:00,2015-05-05,1,140.98,MG,140.98,,
Racine Avenue,event,,6/14-15/15,2015-06-14,2,1756.69,MG,1756.69,parsed-from:6/14-15/15,
Racine Avenue,event,,6/15-16/15,2015-06-15,2,2504.15,MG,2504.15,parsed-from:6/15-16/15,
Racine Avenue,event,,2015-06-17 00:00:00,2015-06-17,1,115.62,MG,115.62,,
Racine Avenue,event,,2015-08-03 00:00:00,2015-08-03,1,142.11,MG,142.11,,
Racine Avenue,event,,8/16-17/15,2015-08-16,2,561.31,MG,561.31,parsed-from:8/16-17/15,
Racine Avenue,event,,8/18-19/15,2015-08-18,2,693.49,MG,693.49,parsed-from:8/18-19/15,
Racine Avenue,event,,2015-09-08 00:00:00,2015-09-08,1,220.97,MG,220.97,,
Racine Avenue,event,,2015-09-12 00:00:00,2015-09-12,1,99.42,MG,99.42,,
Racine Avenue,event,,2015-09-18 00:00:00,2015-09-18,1,829.2,MG,829.2,,
Racine Avenue,event,,9/18-19/15,2015-09-18,2,1364.75,MG,1364.75,parsed-from:9/18-19/15,
Racine Avenue,event,,2015-11-27 00:00:00,2015-11-27,1,318.43,MG,318.43,,
Racine Avenue,event,,2015-12-23 00:00:00,2015-12-23,1,137.03,MG,137.03,,
Racine Avenue,event,,12/28-29/15,2015-12-28,2,926.07,MG,926.07,parsed-from:12/28-29/15,
Racine Avenue,event,,1/10-11/14,2014-01-10,2,585.39,MG,585.39,parsed-from:1/10-11/14,
Racine Avenue,event,,2/20-21/14,2014-02-20,2,770.92,MG,770.92,parsed-from:2/20-21/14,
Racine Avenue,event,,2014-04-03 00:00:00,2014-04-03,1,161.77,MG,161.77,,
Racine Avenue,event,,2014-05-09 00:00:00,2014-05-09,1,434.6,MG,434.6,,
Racine Avenue,event,,2014-05-11 00:00:00,2014-05-11,1,118.18,MG,118.18,,
Racine Avenue,event,,6/10-11/14,2014-06-10,2,262.2,MG,262.2,parsed-from:6/10-11/14,
Racine Avenue,event,,6/19-20/14,2014-06-19,2,112.25,MG,112.25,parsed-from:6/19-20/14,
Racine Avenue,event,,6/21-22/14,2014-06-21,2,484.3,MG,484.3,parsed-from:6/21-22/14,
Racine Avenue,event,,6/24-25/14,2014-06-24,2,420.42,MG,420.42,parsed-from:6/24-25/14,
Racine Avenue,event,,6/30-7/1/14,2014-06-30,2,1573.24,MG,1573.24,parsed-from:6/30-7/1/14,
Racine Avenue,event,,7/12-13/14,2014-07-12,2,1502.51,MG,1502.51,parsed-from:7/12-13/14,
Racine Avenue,event,,9/18-19/15,2015-09-18,2,464.27,MG,464.27,parsed-from:9/18-19/15,
Racine Avenue,event,,8/21-22/14,2014-08-21,2,306.28,MG,306.28,parsed-from:8/21-22/14,
Racine Avenue,event,,8/22-24/14,2014-08-22,3,2712.55,MG,2712.55,parsed-from:8/22-24/14,
Racine Avenue,event,,8/25-26/14,2014-08-25,2,445.73,MG,445.73,parsed-from:8/25-26/14,
Racine Avenue,event,,2014-09-10 00:00:00,2014-09-10,1,464.94,MG,464.94,,
Racine Avenue,event,,10/3-4/14,2014-10-03,2,972.45,MG,972.45,parsed-from:10/3-4/14,
Racine Avenue,event,,10/14-15/14,2014-10-14,2,260.76,MG,260.76,parsed-from:10/14-15/14,
Racine Avenue,event,,1/29-30/13,2013-01-29,2,740.24,MG,740.24,parsed-from:1/29-30/13,
Racine Avenue,event,,3/10-11/13,2013-03-10,2,595.2,MG,595.2,parsed-from:3/10-11/13,
Racine Avenue,event,,2013-04-11 00:00:00,2013-04-11,1,437.24,MG,437.24,,
Racine Avenue,event,,4/17-19/13,2013-04-17,3,3185.18,MG,3185.18,parsed-from:4/17-19/13,
Racine Avenue,event,,4/23-24/13,2013-04-23,2,423.25,MG,423.25,parsed-from:4/23-24/13,
Racine Avenue,event,,2013-05-21 00:00:00,2013-05-21,1,245.53,MG,245.53,,
Racine Avenue,event,,2013-05-22 00:00:00,2013-05-22,1,326.46,MG,326.46,,
Racine Avenue,event,,5/28-29/13,2013-05-28,2,593.93,MG,593.93,parsed-from:5/28-29/13,
Racine Avenue,event,,6/1-2/13,2013-06-01,2,385.36,MG,385.36,parsed-from:6/1-2/13,
Racine Avenue,event,,2013-06-26 00:00:00,2013-06-26,1,217.55,MG,217.55,,
Racine Avenue,event,,6-27-28/13,2013-06-27,2,224.98,MG,224.98,parsed-from:6-27-28/13,
Racine Avenue,event,,2013-08-31 00:00:00,2013-08-31,1,217.66,MG,217.66,,
Racine Avenue,event,,9/18-19/13,2013-09-18,2,533.24,MG,533.24,parsed-from:9/18-19/13,
Racine Avenue,event,,2013-09-19 00:00:00,2013-09-19,1,137.42,MG,137.42,,
Racine Avenue,event,,10/31-11/1/13,2013-10-31,2,1411.12,MG,1411.12,parsed-from:10/31-11/1/13,
Racine Avenue,event,,2013-11-17 00:00:00,2013-11-17,1,245.75,MG,245.75,,
Racine Avenue,event,,2012-01-23 00:00:00,2012-01-23,1,235.1,MG,235.1,,
Racine Avenue,event,,3/23-24/12,2012-03-23,2,250.07,MG,250.07,parsed-from:3/23-24/12,
Racine Avenue,event,,4/15-16/12,2012-04-15,2,110.02,MG,110.02,parsed-from:4/15-16/12,
Racine Avenue,event,,2012-05-04 00:00:00,2012-05-04,1,93.97,MG,93.97,,
Racine Avenue,event,,2012-05-07 00:00:00,2012-05-07,1,373.5,MG,373.5,,
Racine Avenue,event,,2012-07-19 00:00:00,2012-07-19,1,401.97,MG,401.97,,
Racine Avenue,event,,2012-07-24 00:00:00,2012-07-24,1,99.59,MG,99.59,,
Racine Avenue,event,,8/26-27/12,2012-08-26,2,872.55,MG,872.55,parsed-from:8/26-27/12,
Racine Avenue,event,,2/20-21/11,2011-02-20,2,349.57,MG,349.57,parsed-from:2/20-21/11,
Racine Avenue,event,,3/4-5/11,2011-03-04,2,601,MG,601,parsed-from:3/4-5/11,
Racine Avenue,event,,2011-04-08 00:00:00,2011-04-08,1,43.47,MG,43.47,,
Racine Avenue,event,,4/19-20/11,2011-04-19,2,535.54,MG,535.54,parsed-from:4/19-20/11,
Racine Avenue,event,,2011-04-22 00:00:00,2011-04-22,1,112.21,MG,112.21,,
Racine Avenue,event,,4/22-23/11,2011-04-22,2,101.03,MG,101.03,parsed-from:4/22-23/11,
Racine Avenue,event,,2011-04-26 00:00:00,2011-04-26,1,228.28,MG,228.28,,
Racine Avenue,event,,4/26-27/11,2011-04-26,2,309.99,MG,309.99,parsed-from:4/26-27/11,
Racine Avenue,event,,2011-04-27 00:00:00,2011-04-27,1,272.57,MG,272.57,,
Racine Avenue,event,,5/25-27/11,2011-05-25,3,1848.22,MG,1848.22,parsed-from:5/25-27/11,
Racine Avenue,event,,5/29-30/11,2011-05-29,2,867.41,MG,867.41,parsed-from:5/29-30/11,
Racine Avenue,event,,2011-06-09 00:00:00,2011-06-09,1,908.86,MG,908.86,,
Racine Avenue,event,,2011-06-10 00:00:00,2011-06-10,1,264.84,MG,264.84,,
Racine Avenue,event,,6/15-16/11,2011-06-15,2,177.25,MG,177.25,parsed-from:6/15-16/11,
Racine Avenue,event,,6/21-22/11,2011-06-21,2,75.16,MG,75.16,parsed-from:6/21-22/11,
Racine Avenue,event,,6/30/11-7/1/11,2011-06-30,2,206.69,MG,206.69,parsed-from:6/30/11-7/1/11,
Racine Avenue,event,,2011-07-22 00:00:00,2011-07-22,1,134.89,MG,134.89,,
Racine Avenue,event,,7/23-24/11,2011-07-23,2,1721.03,MG,1721.03,parsed-from:7/23-24/11,
Racine Avenue,event,,2011-07-28 00:00:00,2011-07-28,1,151.99,MG,151.99,,
Racine Avenue,event,,7/28-29/11,2011-07-28,2,536.61,MG,536.61,parsed-from:7/28-29/11,
Racine Avenue,event,,8/2-3/11,2011-08-02,2,56.13,MG,56.13,parsed-from:8/2-3/11,
Racine Avenue,event,,2011-09-26 00:00:00,2011-09-26,1,168.27,MG,168.27,,
Racine Avenue,event,,2011-09-28 00:00:00,2011-09-28,1,62.53,MG,62.53,,
Racine Avenue,event,,2011-11-08 00:00:00,2011-11-08,1,155.72,MG,155.72,,
Racine Avenue,event,,2011-11-09 00:00:00,2011-11-09,1,153.78,MG,153.78,,
Racine Avenue,event,,2011-11-27 00:00:00,2011-11-27,1,134.7,MG,134.7,,
Racine Avenue,event,,2010-04-05 00:00:00,2010-04-05,1,216.55,MG,216.55,,
Racine Avenue,event,,2010-04-07 00:00:00,2010-04-07,1,67.02,MG,67.02,,
Racine Avenue,event,,2010-05-07 00:00:00,2010-05-07,1,41.21,MG,41.21,,
Racine Avenue,event,,2010-05-11 00:00:00,2010-05-11,1,55.26,MG,55.26,,
Racine Avenue,event,,2010-05-13 00:00:00,2010-05-13,1,461.3,MG,461.3,,
Racine Avenue,event,,2010-05-31 00:00:00,2010-05-31,1,300.83,MG,300.83,,
Racine Avenue,event,,2010-06-02 00:00:00,2010-06-02,1,575.64,MG,575.64,,
Racine Avenue,event,,6/15-16/10,2010-06-15,2,490.98,MG,490.98,parsed-from:6/15-16/10,
Racine Avenue,event,,6/23-24/10,2010-06-23,2,549.58,MG,549.58,parsed-from:6/23-24/10,
Racine Avenue,event,,2010-06-26 00:00:00,2010-06-26,1,104.77,MG,104.77,,
Racine Avenue,event,,2010-06-27 00:00:00,2010-06-27,1,163.91,MG,163.91,,
Racine Avenue,event,,7/23-25/10,2010-07-23,3,2865.14,MG,2865.14,parsed-from:7/23-25/10,
Racine Avenue,event,,2010-08-03 00:00:00,2010-08-03,1,255.25,MG,255.25,,
Racine Avenue,event,,2010-08-04 00:00:00,2010-08-04,1,243.58,MG,243.58,,
Racine Avenue,event,,10/24-25/10,2010-10-24,2,85.84,MG,85.84,parsed-from:10/24-25/10,
Racine Avenue,event,,11/22-23/10,2010-11-22,2,384.16,MG,384.16,parsed-from:11/22-23/10,
Racine Avenue,event,,2010-12-31 00:00:00,2010-12-31,1,329.48,MG,329.48,,
Racine Avenue,event,,2009-02-11 00:00:00,2009-02-11,1,87.25,MG,87.25,,
Racine Avenue,event,,2/26-27/09,2009-02-26,2,1205.93,MG,1205.93,parsed-from:2/26-27/09,
Racine Avenue,event,,3/7-3/9/09,2009-03-07,3,2137.22,MG,2137.22,parsed-from:3/7-3/9/09,
Racine Avenue,event,,3/10-11/09,2009-03-10,2,721.08,MG,721.08,parsed-from:3/10-11/09,
Racine Avenue,event,,2009-03-29 00:00:00,2009-03-29,1,146.05,MG,146.05,,
Racine Avenue,event,,2009-03-31 00:00:00,2009-03-31,1,83.07,MG,83.07,,
Racine Avenue,event,,4/27-28/09,2009-04-27,2,511.29,MG,511.29,parsed-from:4/27-28/09,
Racine Avenue,event,,2009-04-30 00:00:00,2009-04-30,1,58.01,MG,58.01,,
Racine Avenue,event,,5/6-7/09,2009-05-06,2,159.93,MG,159.93,parsed-from:5/6-7/09,
Racine Avenue,event,,2009-05-14 00:00:00,2009-05-14,1,95.41,MG,95.41,,
Racine Avenue,event,,2009-05-15 00:00:00,2009-05-15,1,113.86,MG,113.86,,
Racine Avenue,event,,5/26-27/09,2009-05-26,2,411.14,MG,411.14,parsed-from:5/26-27/09,
Racine Avenue,event,,6/16-17/09,2009-06-16,2,221.34,MG,221.34,parsed-from:6/16-17/09,
Racine Avenue,event,,2009-06-19 00:00:00,2009-06-19,1,707.46,MG,707.46,,
Racine Avenue,event,,2009-07-11 00:00:00,2009-07-11,1,126.17,MG,126.17,,
Racine Avenue,event,,2009-08-27 00:00:00,2009-08-27,1,106.74,MG,106.74,,
Racine Avenue,event,,2009-08-28 00:00:00,2009-08-28,1,219.49,MG,219.49,,
Racine Avenue,event,,10/22-24/09,2009-10-22,3,1086.02,MG,1086.02,parsed-from:10/22-24/09,
Racine Avenue,event,,2009-10-26 00:00:00,2009-10-26,1,84.98,MG,84.98,,
Racine Avenue,event,,10/30-31/09,2009-10-30,2,1173.5,MG,1173.5,parsed-from:10/30-31/09,
Racine Avenue,event,,2009-12-09 00:00:00,2009-12-09,1,44.5,MG,44.5,,
Racine Avenue,event,,2009-12-25 00:00:00,2009-12-25,1,311.66,MG,311.66,,
Racine Avenue,event,,2009-12-25 00:00:00,2009-12-25,1,121.23,MG,121.23,,
Racine Avenue,event,,1/8/08,2008-01-08,1,480.10,MG,480.1,,
Racine Avenue,event,,2/17-18/08,2008-02-17,2,603.53,MG,603.53,parsed-from:2/17-18/08,
Racine Avenue,event,,4/10/08,2008-04-10,1,124.60,MG,124.6,,
Racine Avenue,event,,2008-05-11 00:00:00,2008-05-11,1,222.72,MG,222.72,,
Racine Avenue,event,,2008-06-09 00:00:00,2008-06-09,1,203.37,MG,203.37,,
Racine Avenue,event,,2008-07-12 00:00:00,2008-07-12,1,73.86,MG,73.86,,
Racine Avenue,event,,2008-07-20 00:00:00,2008-07-20,1,348.06,MG,348.06,,
Racine Avenue,event,,2008-08-04 00:00:00,2008-08-04,1,4.94,MG,4.94,,
Racine Avenue,event,,2008-08-05 00:00:00,2008-08-05,1,127.93,MG,127.93,,
Racine Avenue,event,,9/4-5/08,2008-09-04,2,1169.88,MG,1169.88,parsed-from:9/4-5/08,
Racine Avenue,event,,2008-09-08 00:00:00,2008-09-08,1,176.36,MG,176.36,,
Racine Avenue,event,,9/13-15/08,2008-09-13,3,4018.59,MG,4018.59,parsed-from:9/13-15/08,
Racine Avenue,event,,2008-10-07 00:00:00,2008-10-07,1,101.05,MG,101.05,,
Racine Avenue,event,,2008-12-09 00:00:00,2008-12-09,1,174.87,MG,174.87,,
Racine Avenue,event,,12/27-29/08,2008-12-27,3,3138.49,MG,3138.49,parsed-from:12/27-29/08,
Racine Avenue,event,,1/4-5/07,2007-01-04,2,262.71,MG,262.71,parsed-from:1/4-5/07,
Racine Avenue,event,,2007-02-25 00:00:00,2007-02-25,1,70.87,MG,70.87,,
Racine Avenue,event,,2007-03-01 00:00:00,2007-03-01,1,147.2,MG,147.2,,
Racine Avenue,event,,2007-03-21 00:00:00,2007-03-21,1,79.7,MG,79.7,,
Racine Avenue,event,,4/25-26/07,2007-04-25,2,483.27,MG,483.27,parsed-from:4/25-26/07,
Racine Avenue,event,,2007-06-27 00:00:00,2007-06-27,1,11.67,MG,11.67,,
Racine Avenue,event,,2007-07-04 00:00:00,2007-07-04,1,52.76,MG,52.76,,
Racine Avenue,event,,7/18-19/07,2007-07-18,2,261.91,MG,261.91,parsed-from:7/18-19/07,
Racine Avenue,event,,7/26/07,2007-07-26,1,572.76,MG,572.76,,
Racine Avenue,event,,8/5/07,2007-08-05,1,140.12,MG,140.12,,
Racine Avenue,event,,8/19-20/07,2007-08-19,2,751.94,MG,751.94,parsed-from:8/19-20/07,
Racine Avenue,event,,8/22-25/07,2007-08-22,4,2478.73,MG,2478.73,parsed-from:8/22-25/07,
Racine Avenue,event,,2006-02-16 00:00:00,2006-02-16,1,105.52,MG,105.52,,
Racine Avenue,event,,2006-03-13 00:00:00,2006-03-13,1,268.38,MG,268.38,,
Racine Avenue,event,,4/16-17/06,2006-04-16,2,232.04,MG,232.04,parsed-from:4/16-17/06,
Racine Avenue,event,,2006-06-10 00:00:00,2006-06-10,1,238.34,MG,238.34,,
Racine Avenue,event,,2006-07-20 00:00:00,2006-07-20,1,432.14,MG,432.14,,
Racine Avenue,event,,8/2-3/06,2006-08-02,2,655.04,MG,655.04,parsed-from:8/2-3/06,
Racine Avenue,event,,2006-08-28 00:00:00,2006-08-28,1,204.77,MG,204.77,,
Racine Avenue,event,,2006-09-11 00:00:00,2006-09-11,1,162.35,MG,162.35,,
Racine Avenue,event,,2006-09-12 00:00:00,2006-09-12,1,108.88,MG,108.88,,
Racine Avenue,event,,2006-09-13 00:00:00,2006-09-13,1,505.84,MG,505.84,,
Racine Avenue,event,,10/02-03/06,2006-10-02,2,1172.4,MG,1172.4,parsed-from:10/02-03/06,
Racine Avenue,event,,2006-10-17 00:00:00,2006-10-17,1,168.82,MG,168.82,,
Racine Avenue,event,,11/10-11/06,2006-11-10,2,140.31,MG,140.31,parsed-from:11/10-11/06,
Racine Avenue,event,,11/29-30/06,2006-11-29,2,479.12,MG,479.12,parsed-from:11/29-30/06,
Racine Avenue,event,,2006-12-22 00:00:00,2006-12-22,1,394.62,MG,394.62,,
Racine Avenue,event,,2005-01-12 00:00:00,2005-01-12,1,146.82,MG,146.82,,
Racine Avenue,event,,1/12-14/05,2005-01-12,3,992.36,MG,992.36,parsed-from:1/12-14/05,
Racine Avenue,event,,3/30-31/05,2005-03-30,2,96.33,MG,96.33,parsed-from:3/30-31/05,
Racine Avenue,event,,7/26-27/05,2005-07-26,2,146.6,MG,146.6,parsed-from:7/26-27/05,
Racine Avenue,event,,2005-08-20 00:00:00,2005-08-20,1,92.49,MG,92.49,,
Racine Avenue,event,,2004-03-04 00:00:00,2004-03-04,1,200.24,MG,200.24,,
Racine Avenue,event,,2004-03-05 00:00:00,2004-03-05,1,430.93,MG,430.93,,
Racine Avenue,event,,2004-05-14 00:00:00,2004-05-14,1,226.27,MG,226.27,,
Racine Avenue,event,,5/22-23/04,2004-05-22,2,97.2,MG,97.2,parsed-from:5/22-23/04,
Racine Avenue,event,,5/30-31/04,2004-05-30,2,588.95,MG,588.95,parsed-from:5/30-31/04,
Racine Avenue,event,,6/10-11/04,2004-06-10,2,330.83,MG,330.83,parsed-from:6/10-11/04,
Racine Avenue,event,,2004-06-12 00:00:00,2004-06-12,1,29,MG,29,,
Racine Avenue,event,,7/3-4/04,2004-07-03,2,339.9,MG,339.9,parsed-from:7/3-4/04,
Racine Avenue,event,,2004-08-04 00:00:00,2004-08-04,1,231.93,MG,231.93,,
Racine Avenue,event,,2004-08-28 00:00:00,2004-08-28,1,555.69,MG,555.69,,
Racine Avenue,event,,2004-11-01 00:00:00,2004-11-01,1,179.24,MG,179.24,,
Racine Avenue,event,,2004-11-04 00:00:00,2004-11-04,1,195.91,MG,195.91,,
Racine Avenue,event,,2004-12-07 00:00:00,2004-12-07,1,262.45,MG,262.45,,
Racine Avenue,event,,2003-04-04 00:00:00,2003-04-04,1,480.79,MG,480.79,,
Racine Avenue,event,,2003-04-05 00:00:00,2003-04-05,1,4.49,MG,4.49,,
Racine Avenue,event,,2003-05-01 00:00:00,2003-05-01,1,437.16,MG,437.16,,
Racine Avenue,event,,2003-05-01 00:00:00,2003-05-01,1,202.5,MG,202.5,,
Racine Avenue,event,,2003-05-04 00:00:00,2003-05-04,1,94.1,MG,94.1,,
Racine Avenue,event,,2003-05-05 00:00:00,2003-05-05,1,329.35,MG,329.35,,
Racine Avenue,event,,2003-05-09 00:00:00,2003-05-09,1,568.97,MG,568.97,,
Racine Avenue,event,,2003-05-10 00:00:00,2003-05-10,1,12.01,MG,12.01,,
Racine Avenue,event,,2003-05-11 00:00:00,2003-05-11,1,124.54,MG,124.54,,
Racine Avenue,event,,2003-07-15 00:00:00,2003-07-15,1,273.2,MG,273.2,,
Racine Avenue,event,,2003-07-17 00:00:00,2003-07-17,1,456.63,MG,456.63,,
Racine Avenue,event,,2003-07-18 00:00:00,2003-07-18,1,183.05,MG,183.05,,
Racine Avenue,event,,2003-08-03 00:00:00,2003-08-03,1,65.92,MG,65.92,,
Racine Avenue,event,,2003-10-14 00:00:00,2003-10-14,1,118.54,MG,118.54,,
Racine Avenue,event,,2003-11-03 00:00:00,2003-11-03,1,250.24,MG,250.24,,
Racine Avenue,event,,2003-11-04 00:00:00,2003-11-04,1,157.67,MG,157.67,,
Racine Avenue,event,,2003-11-05 00:00:00,2003-11-05,1,144.07,MG,144.07,,
Racine Avenue,event,,2002-03-09 00:00:00,2002-03-09,1,184.15,MG,184.15,,
Racine Avenue,event,,4/8-9/02,2002-04-08,2,297.34,MG,297.34,parsed-from:4/8-9/02,
Racine Avenue,event,,5/11-12/02,2002-05-11,2,1254.02,MG,1254.02,parsed-from:5/11-12/02,
Racine Avenue,event,,4/8-9/02,2002-04-08,2,176.4,MG,176.4,parsed-from:4/8-9/02,
Racine Avenue,event,,5/11-12/02,2002-05-11,2,62.27,MG,62.27,parsed-from:5/11-12/02,
Racine Avenue,event,,2002-06-10 00:00:00,2002-06-10,1,269.59,MG,269.59,,
Racine Avenue,event,,2002-06-11 00:00:00,2002-06-11,1,38.17,MG,38.17,,
Racine Avenue,event,,2002-07-09 00:00:00,2002-07-09,1,90.61,MG,90.61,,
Racine Avenue,event,,2002-08-22 00:00:00,2002-08-22,1,1275.04,MG,1275.04,,
Racine Avenue,event,,2002-08-23 00:00:00,2002-08-23,1,118.99,MG,118.99,,
Racine Avenue,event,,8/13-14/02,2002-08-13,2,198.6,MG,198.6,parsed-from:8/13-14/02,
Racine Avenue,event,,2/8-9/01,2001-02-08,2,607.64,MG,607.64,parsed-from:2/8-9/01,
Racine Avenue,event,,2/24-25/01,2001-02-24,2,388.97,MG,388.97,parsed-from:2/24-25/01,
Racine Avenue,event,,2001-04-06 00:00:00,2001-04-06,1,188.74,MG,188.74,,
Racine Avenue,event,,5/26-27/01,2001-05-26,2,431.9,MG,431.9,parsed-from:5/26-27/01,
Racine Avenue,event,,2001-06-12 00:00:00,2001-06-12,1,320.66,MG,320.66,,
Racine Avenue,event,,2001-07-23 00:00:00,2001-07-23,1,268.73,MG,268.73,,
Racine Avenue,event,,2001-07-25 00:00:00,2001-07-25,1,455.35,MG,455.35,,
Racine Avenue,event,,8/2-3/01,2001-08-02,2,1185.44,MG,1185.44,parsed-from:8/2-3/01,
Racine Avenue,event,,2001-08-07 00:00:00,2001-08-07,1,94.26,MG,94.26,,
Racine Avenue,event,,8/9-10/01,2001-08-09,2,102.14,MG,102.14,parsed-from:8/9-10/01,
Racine Avenue,event,,2001-08-25 00:00:00,2001-08-25,1,485.23,MG,485.23,,
Racine Avenue,event,,2001-08-31 00:00:00,2001-08-31,1,242.93,MG,242.93,,
Racine Avenue,event,,2001-09-19 00:00:00,2001-09-19,1,397.34,MG,397.34,,
Racine Avenue,event,,9/20-21/01,2001-09-20,2,390.33,MG,390.33,parsed-from:9/20-21/01,
Racine Avenue,event,,2005-09-23 00:00:00,2005-09-23,1,276.48,MG,276.48,,
Racine Avenue,event,,10/4-5/01,2001-10-04,2,393.59,MG,393.59,parsed-from:10/4-5/01,
Racine Avenue,event,,2001-10-12 00:00:00,2001-10-12,1,256.97,MG,256.97,,
Racine Avenue,event,,10/13-14/01,2001-10-13,2,1144.9,MG,1144.9,parsed-from:10/13-14/01,
Racine Avenue,event,,2001-10-14 00:00:00,2001-10-14,1,29.4,MG,29.4,,
Racine Avenue,event,,2001-10-23 00:00:00,2001-10-23,1,156.41,MG,156.41,,
Racine Avenue,event,,2001-10-24 00:00:00,2001-10-24,1,223.71,MG,223.71,,
Racine Avenue,event,,4/16-17/00,2000-04-16,2,227,MG,227,parsed-from:4/16-17/00,
Racine Avenue,event,,2000-04-19 00:00:00,2000-04-19,1,181.1,MG,181.1,,
Racine Avenue,event,,4/20-21/00,2000-04-20,2,1836,MG,1836,parsed-from:4/20-21/00,
Racine Avenue,event,,2000-05-09 00:00:00,2000-05-09,1,228,MG,228,,
Racine Avenue,event,,5/9-10/00,2000-05-09,2,209.3,MG,209.3,parsed-from:5/9-10/00,
Racine Avenue,event,,2000-05-12 00:00:00,2000-05-12,1,52.4,MG,52.4,,
Racine Avenue,event,,2000-05-28 00:00:00,2000-05-28,1,190,MG,190,,
Racine Avenue,event,,2000-06-13 00:00:00,2000-06-13,1,109.8,MG,109.8,,
Racine Avenue,event,,2000-06-14 00:00:00,2000-06-14,1,365.6,MG,365.6,,
Racine Avenue,event,,6/24-25/00,2000-06-24,2,280.2,MG,280.2,parsed-from:6/24-25/00,
Racine Avenue,event,,2000-07-03 00:00:00,2000-07-03,1,648.27,MG,648.27,,
Racine Avenue,event,,2000-07-10 00:00:00,2000-07-10,1,353.79,MG,353.79,,
Racine Avenue,event,,2000-08-06 00:00:00,2000-08-06,1,152.68,MG,152.68,,
Racine Avenue,event,,2000-08-17 00:00:00,2000-08-17,1,60.5,MG,60.5,,
Racine Avenue,event,,9/11-12/00,2000-09-11,2,1321.1,MG,1321.1,parsed-from:9/11-12/00,
Racine Avenue,event,,2000-10-04 00:00:00,2000-10-04,1,297,MG,297,,
Racine Avenue,event,,2000-11-09 00:00:00,2000-11-09,1,175.63,MG,175.63,,
Westchester,event,2025,2025-01-31 00:00:00,2025-01-31,1,445500,Gal,0.4455,,
Westchester,event,,2025-04-02 00:00:00,2025-04-02,1,40500,Gal,0.0405,,
Westchester,event,2024,2024-01-12 00:00:00,2024-01-12,1,40500,Gal,0.0405,,
Westchester,event,,2024-01-26 00:00:00,2024-01-26,1,40500,Gal,0.0405,,
Westchester,event,,2024-03-08 00:00:00,2024-03-08,1,32000,Gal,0.032,,
Westchester,event,,2024-04-29 00:00:00,2024-04-29,1,170100,Gal,0.1701,,
Westchester,event,,2024-06-23 00:00:00,2024-06-23,1,96000,Gal,0.096,,
Westchester,event,,2024-07-14 00:00:00,2024-07-14,1,512000,Gal,0.512,,
Westchester,event,,7/14-15/24,2024-07-14,2,288000,Gal,0.288,parsed-from:7/14-15/24,
Westchester,event,,2024-08-27 00:00:00,2024-08-27,1,81000,Gal,0.081,,
Westchester,event,2023,2023-01-03 00:00:00,2023-01-03,1,48600,Gal,0.0486,,
Westchester,event,,2023-02-09 00:00:00,2023-02-09,1,32000,Gal,0.032,,
Westchester,event,,2023-02-22 00:00:00,2023-02-22,1,81000,Gal,0.081,,
Westchester,event,,2023-02-27 00:00:00,2023-02-27,1,307800,Gal,0.3078,,
Westchester,event,,2023-07-02 00:00:00,2023-07-02,1,1182600,Gal,1.1826,,
Westchester,event,,2023-07-05 00:00:00,2023-07-05,1,364500,Gal,0.3645,,
Westchester,event,,7/28-29/23,2023-07-28,2,295200,Gal,0.2952,parsed-from:7/28-29/23,
Westchester,event,,2023-08-14 00:00:00,2023-08-14,1,356400,Gal,0.3564,,
Westchester,event,,2023-09-17 00:00:00,2023-09-17,1,1028700,Gal,1.0287,,
Westchester,event,2022,2/16-17/22,2022-02-16,2,494100,Gal,0.4941,parsed-from:2/16-17/22,
Westchester,event,,2022-02-22 00:00:00,2022-02-22,1,170100,Gal,0.1701,,
Westchester,event,,3/30-31/22,2022-03-30,2,388800,Gal,0.3888,parsed-from:3/30-31/22,
Westchester,event,,2022-04-06 00:00:00,2022-04-06,1,40500,Gal,0.0405,,
Westchester,event,,2022-04-30 00:00:00,2022-04-30,1,153900,Gal,0.1539,,
Westchester,event,,2022-05-03 00:00:00,2022-05-03,1,777600,Gal,0.7776,,
Westchester,event,,2022-07-05 00:00:00,2022-07-05,1,494100,Gal,0.4941,,
Westchester,event,,2022-07-23 00:00:00,2022-07-23,1,882900,Gal,0.8829,,
Westchester,event,,2022-09-11 00:00:00,2022-09-11,1,928000,Gal,0.928,,
Westchester,event,,12/14-15/22,2022-12-14,2,129600,Gal,0.1296,parsed-from:12/14-15/22,
Westchester,event,2021,2021-06-12 00:00:00,2021-06-12,1,523500,Gal,0.5235,,
Westchester,event,,2021-06-21 00:00:00,2021-06-21,1,40500,Gal,0.0405,,
Westchester,event,,2021-06-25 00:00:00,2021-06-25,1,324000,Gal,0.324,,
Westchester,event,,6/26-27/21,2021-06-26,2,2835000,Gal,2.835,parsed-from:6/26-27/21,
Westchester,event,,2021-07-24 00:00:00,2021-07-24,1,96000,Gal,0.096,,
Westchester,event,,2021-10-11 00:00:00,2021-10-11,1,32000,Gal,0.032,,
Westchester,event,,10/24-25/21,2021-10-24,2,256000,Gal,0.256,parsed-from:10/24-25/21,
Westchester,event,,2021-10-25 00:00:00,2021-10-25,1,408200,Gal,0.4082,,
Westchester,event,2020,2020-03-28 00:00:00,2020-03-28,1,32000,Gal,0.032,,
Westchester,event,,4/28-30/20,2020-04-28,3,2430000,Gal,2.43,parsed-from:4/28-30/20,
Westchester,event,,2020-05-14 00:00:00,2020-05-14,1,324000,Gal,0.324,,
Westchester,event,,2020-05-15 00:00:00,2020-05-15,1,1620000,Gal,1.62,,
Westchester,event,,5/17-19/20,2020-05-17,3,22599000,Gal,22.599,parsed-from:5/17-19/20,
Westchester,event,,2020-06-26 00:00:00,2020-06-26,1,567000,Gal,0.567,,
Westchester,event,,7/9-10/20,2020-07-09,2,162000,Gal,0.162,parsed-from:7/9-10/20,
Westchester,event,,2020-10-22 00:00:00,2020-10-22,1,384000,Gal,0.384,,
Westchester,event,,2020-12-12 00:00:00,2020-12-12,1,421000,Gal,0.421,,
Westchester,event,2019,2019-02-07 00:00:00,2019-02-07,1,81000,Gal,0.081,,
Westchester,event,,2019-02-23 00:00:00,2019-02-23,1,81000,Gal,0.081,,
Westchester,event,,2019-04-29 00:00:00,2019-04-29,1,729000,Gal,0.729,,
Westchester,event,,2019-04-30 00:00:00,2019-04-30,1,4634000,Gal,4.634,,
Westchester,event,,2019-05-02 00:00:00,2019-05-02,1,64000,Gal,0.064,,
Westchester,event,,2019-05-09 00:00:00,2019-05-09,1,162000,Gal,0.162,,
Westchester,event,,2019-05-22 00:00:00,2019-05-22,1,81000,Gal,0.081,,
Westchester,event,,5/27-28/2019,2019-05-27,2,2430000,Gal,2.43,parsed-from:5/27-28/2019,
Westchester,event,,5/28-29/19,2019-05-28,2,243000,Gal,0.243,parsed-from:5/28-29/19,
Westchester,event,,2019-06-23 00:00:00,2019-06-23,1,32000,Gal,0.032,,
Westchester,event,,2019-07-02 00:00:00,2019-07-02,1,192000,Gal,0.192,,
Westchester,event,,2019-07-03 00:00:00,2019-07-03,1,780000,Gal,0.78,,
Westchester,event,,2019-07-18 00:00:00,2019-07-18,1,567000,Gal,0.567,,
Westchester,event,,2019-08-18 00:00:00,2019-08-18,1,405000,Gal,0.405,,
Westchester,event,,2019-08-26 00:00:00,2019-08-26,1,81000,Gal,0.081,,
Westchester,event,,2019-09-13 00:00:00,2019-09-13,1,324000,Gal,0.324,,
Westchester,event,,2019-09-22 00:00:00,2019-09-22,1,32000,Gal,0.032,,
Westchester,event,,2019-09-28 00:00:00,2019-09-28,1,405000,Gal,0.405,,
Westchester,event,,2019-09-28 00:00:00,2019-09-28,1,64000,Gal,0.064,,
Westchester,event,,2019-10-03 00:00:00,2019-10-03,1,810000,Gal,0.81,,
Westchester,event,,10/26-27/19,2019-10-26,2,2187000,Gal,2.187,parsed-from:10/26-27/19,
Westchester,event,2018,2/20-21/18,2018-02-20,2,6237000,Gal,6.237,parsed-from:2/20-21/18,
Westchester,event,,2018-04-15 00:00:00,2018-04-15,1,81000,Gal,0.081,,
Westchester,event,,2018-05-03 00:00:00,2018-05-03,1,243000,Gal,0.243,,
Westchester,event,,5/14-15/18,2018-05-14,2,891000,Gal,0.891,parsed-from:5/14-15/18,
Westchester,event,,2018-05-21 00:00:00,2018-05-21,1,648000,Gal,0.648,,
Westchester,event,,2018-05-30 00:00:00,2018-05-30,1,81000,Gal,0.081,,
Westchester,event,,2018-06-16 00:00:00,2018-06-16,1,81000,Gal,0.081,,
Westchester,event,,6/21-22/18,2018-06-21,2,3402000,Gal,3.402,parsed-from:6/21-22/18,
Westchester,event,,2018-08-20 00:00:00,2018-08-20,1,405000,Gal,0.405,,
Westchester,event,,2018-09-01 00:00:00,2018-09-01,1,40500,Gal,0.0405,,
Westchester,event,,2018-09-03 00:00:00,2018-09-03,1,40500,Gal,0.0405,,
Westchester,event,,2018-09-06 00:00:00,2018-09-06,1,81000,Gal,0.081,,
Westchester,event,,10/1-2/2018,2018-10-01,2,324000,Gal,0.324,parsed-from:10/1-2/2018,
Westchester,event,,2018-12-02 00:00:00,2018-12-02,1,324000,Gal,0.324,,
Westchester,event,2017,2017-01-17 00:00:00,2017-01-17,1,192000,Gal,0.192,,
Westchester,event,,2/28-3/1/2017,2017-02-28,2,729000,Gal,0.729,parsed-from:2/28-3/1/2017,
Westchester,event,,2017-03-30 00:00:00,2017-03-30,1,972000,Gal,0.972,,
Westchester,event,,4/5-6/17,2017-04-05,2,192000,Gal,0.192,parsed-from:4/5-6/17,
Westchester,event,,4/29-5/1/17,2017-04-29,3,2268000,Gal,2.268,parsed-from:4/29-5/1/17,
Westchester,event,,5/10-11/17,2017-05-10,2,1134000,Gal,1.134,parsed-from:5/10-11/17,
Westchester,event,,2017-06-14 00:00:00,2017-06-14,1,243000,Gal,0.243,,
Westchester,event,,2017-07-12 00:00:00,2017-07-12,1,243000,Gal,0.243,,
Westchester,event,,2017-07-20 00:00:00,2017-07-20,1,162000,Gal,0.162,,
Westchester,event,,2017-10-11 00:00:00,2017-10-11,1,32000,Gal,0.032,,
Westchester,event,,10/14-15/17,2017-10-14,2,14337000,Gal,14.337,parsed-from:10/14-15/17,
Westchester,event,,2017-10-24 00:00:00,2017-10-24,1,96000,Gal,0.096,,
Westchester,event,2016,2016-02-02 00:00:00,2016-02-02,1,234900,Gal,0.2349,,
Westchester,event,,2016-03-24 00:00:00,2016-03-24,1,81000,Gal,0.081,,
Westchester,event,,2016-05-10 00:00:00,2016-05-10,1,97200,Gal,0.0972,,
Westchester,event,,2016-05-12 00:00:00,2016-05-12,1,1385100,Gal,1.3851,,
Westchester,event,,2016-05-13 00:00:00,2016-05-13,1,40500,Gal,0.0405,,
Westchester,event,,5/25-26/16,2016-05-25,2,923400,Gal,0.9234,parsed-from:5/25-26/16,
Westchester,event,,2016-05-31 00:00:00,2016-05-31,1,40500,Gal,0.0405,,
Westchester,event,,2016-06-22 00:00:00,2016-06-22,1,64000,Gal,0.064,,
Westchester,event,,7/23-24/16,2016-07-23,2,162000,Gal,0.162,parsed-from:7/23-24/16,
Westchester,event,,2016-08-18 00:00:00,2016-08-18,1,81000,Gal,0.081,,
Westchester,event,,2016-08-20 00:00:00,2016-08-20,1,243000,Gal,0.243,,
Westchester,event,,2016-08-27 00:00:00,2016-08-27,1,567000,Gal,0.567,,
Westchester,event,,2016-09-07 00:00:00,2016-09-07,1,32000,Gal,0.032,,
Westchester,event,,2016-11-28 00:00:00,2016-11-28,1,32000,Gal,0.032,,
Westchester,event,2015,2015-04-09 00:00:00,2015-04-09,1,64000,Gal,0.064,,
Westchester,event,,2015-06-14 00:00:00,2015-06-14,1,486000,Gal,0.486,,
Westchester,event,,6/15-16/15,2015-06-15,2,9396000,Gal,9.396,parsed-from:6/15-16/15,
Westchester,event,,2015-06-18 00:00:00,2015-06-18,1,160000,Gal,0.16,,
Westchester,event,,8/18-19/15,2015-08-18,2,1134000,Gal,1.134,parsed-from:8/18-19/15,
Westchester,event,,2015-09-08 00:00:00,2015-09-08,1,96000,Gal,0.096,,
Westchester,event,,2015-09-18 00:00:00,2015-09-18,1,96000,Gal,0.096,,
Westchester,event,,2015-09-19 00:00:00,2015-09-19,1,576000,Gal,0.576,,
Westchester,event,,2015-11-27 00:00:00,2015-11-27,1,"477, 900",Gal,,,
Westchester,event,,12/13-14/15,2015-12-13,2,64000,Gal,0.064,parsed-from:12/13-14/15,
Westchester,event,,12/28-29/15,2015-12-28,2,405000,Gal,0.405,parsed-from:12/28-29/15,
Westchester,event,2014,1/10-11/14,2014-01-10,2,224000,Gal,0.224,parsed-from:1/10-11/14,
Westchester,event,,2/20-21/14,2014-02-20,2,800000,Gal,0.8,parsed-from:2/20-21/14,
Westchester,event,,2014-06-11 00:00:00,2014-06-11,1,32000,Gal,0.032,,
Westchester,event,,6/18-19/14,2014-06-18,2,352000,Gal,0.352,parsed-from:6/18-19/14,
Westchester,event,,2014-06-21 00:00:00,2014-06-21,1,288000,Gal,0.288,,
Westchester,event,,2014-06-24 00:00:00,2014-06-24,1,813105,Gal,0.8131,,
Westchester,event,,6/30-7/1/14,2014-06-30,2,1223000,Gal,1.223,parsed-from:6/30-7/1/14,
Westchester,event,,2014-07-12 00:00:00,2014-07-12,1,331695,Gal,0.3317,,
Westchester,event,,2014-07-13 00:00:00,2014-07-13,1,209655,Gal,0.2097,,
Westchester,event,,8/4-5/14,2014-08-04,2,3888000,Gal,3.888,parsed-from:8/4-5/14,
Westchester,event,,2014-08-22 00:00:00,2014-08-22,1,8327200,Gal,8.3272,,
Westchester,event,,2014-08-23 00:00:00,2014-08-23,1,32000,Gal,0.032,,
Westchester,event,,2014-09-10 00:00:00,2014-09-10,1,113400,Gal,0.1134,,
Westchester,event,,2014-10-03 00:00:00,2014-10-03,1,388800,Gal,0.3888,,
Westchester,event,,2014-10-14 00:00:00,2014-10-14,1,64800,Gal,0.0648,,
Westchester,event,2013,1/29-30/13,2013-01-29,2,256000,Gal,0.256,parsed-from:1/29-30/13,
Westchester,event,,3/10-11/13,2013-03-10,2,823000,Gal,0.823,parsed-from:3/10-11/13,
Westchester,event,,2013-04-11 00:00:00,2013-04-11,1,96000,Gal,0.096,,
Westchester,event,,4/17-20/13,2013-04-17,4,38151000,Gal,38.151,parsed-from:4/17-20/13,
Westchester,event,,2013-05-21 00:00:00,2013-05-21,1,32000,Gal,0.032,,
Westchester,event,,2013-05-22 00:00:00,2013-05-22,1,64000,Gal,0.064,,
Westchester,event,,2013-06-01 00:00:00,2013-06-01,1,32000,Gal,0.032,,
Westchester,event,,2013-09-19 00:00:00,2013-09-19,1,128000,Gal,0.128,,
Westchester,event,,2013-10-05 00:00:00,2013-10-05,1,96000,Gal,0.096,,
Westchester,event,,2013-10-31 00:00:00,2013-10-31,1,64000,Gal,0.064,,
Westchester,event,,11/1713,2013-11-17,1,256000,Gal,0.256,parsed-from:11/1713,
Westchester,event,2012,2012-01-23 00:00:00,2012-01-23,1,32000,Gal,0.032,,
Westchester,event,,2012-07-01 00:00:00,2012-07-01,1,64000,Gal,0.064,,
Westchester,event,,2012-07-19 00:00:00,2012-07-19,1,288000,Gal,0.288,,
Westchester,event,,8/26-27/12,2012-08-26,2,736000,Gal,0.736,parsed-from:8/26-27/12,
Westchester,event,,2012-12-20 00:00:00,2012-12-20,1,32000,Gal,0.032,,
Westchester,event,2011,2/20-21/11,2011-02-20,2,160000,Gal,0.16,parsed-from:2/20-21/11,
Westchester,event,,2011-03-04 00:00:00,2011-03-04,1,64000,Gal,0.064,,
Westchester,event,,2011-04-19 00:00:00,2011-04-19,1,160000,Gal,0.16,,
Westchester,event,,2011-05-25 00:00:00,2011-05-25,1,320000,Gal,0.32,,
Westchester,event,,2011-05-26 00:00:00,2011-05-26,1,1296000,Gal,1.296,,
Westchester,event,,2011-06-09 00:00:00,2011-06-09,1,480000,Gal,0.48,,
Westchester,event,,2011-07-23 00:00:00,2011-07-23,1,3321000,Gal,3.321,,
Westchester,event,2010,2010-02-10 00:00:00,2010-02-10,1,27800,Gal,0.0278,,
Westchester,event,,2010-05-13 00:00:00,2010-05-13,1,729000,Gal,0.729,,
Westchester,event,,2010-06-02 00:00:00,2010-06-02,1,2349000,Gal,2.349,,
Westchester,event,,2010-06-05 00:00:00,2010-06-05,1,486000,Gal,0.486,,
Westchester,event,,6/23-24/10,2010-06-23,2,3888000,Gal,3.888,parsed-from:6/23-24/10,
Westchester,event,,2010-06-26 00:00:00,2010-06-26,1,243000,Gal,0.243,,
Westchester,event,,7/23-26/10,2010-07-23,4,40388000,Gal,40.388,parsed-from:7/23-26/10,
Westchester,event,,2010-07-31 00:00:00,2010-07-31,1,81000,Gal,0.081,,
Westchester,event,,2010-08-03 00:00:00,2010-08-03,1,672000,Gal,0.672,,
Westchester,event,,8/4-5/10,2010-08-04,2,256000,Gal,0.256,parsed-from:8/4-5/10,
Westchester,event,,9/2-3/10,2010-09-02,2,192000,Gal,0.192,parsed-from:9/2-3/10,
Westchester,event,,2010-11-22 00:00:00,2010-11-22,1,96000,Gal,0.096,,
Westchester,event,,2010-12-31 00:00:00,2010-12-31,1,32000,Gal,0.032,,
Westchester,event,2009,2/26-27/09,2009-02-26,2,1036885.08,Gal,1.0369,parsed-from:2/26-27/09,
Westchester,event,,3/7-10/09,2009-03-07,4,3287684,Gal,3.2877,parsed-from:3/7-10/09,
Westchester,event,,2009-04-30 00:00:00,2009-04-30,1,25290,Gal,0.0253,,
Westchester,event,,2009-05-26 00:00:00,2009-05-26,1,252899,Gal,0.2529,,
Westchester,event,,2009-05-28 00:00:00,2009-05-28,1,75870,Gal,0.0759,,
Westchester,event,,6/16-17/09,2009-06-16,2,1593262,Gal,1.5933,parsed-from:6/16-17/09,
Westchester,event,,2009-08-17 00:00:00,2009-08-17,1,160000,Gal,0.16,,
Westchester,event,,2009-08-27 00:00:00,2009-08-27,1,64000,Gal,0.064,,
Westchester,event,,2009-10-23 00:00:00,2009-10-23,1,576000,Gal,0.576,,
Westchester,event,,2009-10-30 00:00:00,2009-10-30,1,2106000,Gal,2.106,,
Westchester,event,,2009-12-25 00:00:00,2009-12-25,1,648000,Gal,0.648,,
Westchester,event,2008,2008-01-08 00:00:00,2008-01-08,1,227608.92,Gal,0.2276,,
Westchester,event,,2008-02-17 00:00:00,2008-02-17,1,126449.4,Gal,0.1264,,
Westchester,event,,2008-06-03 00:00:00,2008-06-03,1,25289.88,Gal,0.0253,,
Westchester,event,,2008-09-04 00:00:00,2008-09-04,1,177029.16,Gal,0.177,,
Westchester,event,,9/13-15/08,2008-09-13,3,5412034.32,Gal,5.412,parsed-from:9/13-15/08,
Westchester,event,,12/27-28/08,2008-12-27,2,3034785.6,Gal,3.0348,parsed-from:12/27-28/08,
Westchester,event,2007,2007-01-04 00:00:00,2007-01-04,1,25289.88,Gal,0.0253,,
Westchester,event,,2007-03-01 00:00:00,2007-03-01,1,227608.92,Gal,0.2276,,
Westchester,event,,2007-06-13 00:00:00,2007-06-13,1,24000,Gal,0.024,,
Westchester,event,,8/13-14/02,2002-08-13,2,480507.72,Gal,0.4805,parsed-from:8/13-14/02,
Westchester,event,,2007-07-26 00:00:00,2007-07-26,1,75870,Gal,0.0759,,
Westchester,event,,2007-08-05 00:00:00,2007-08-05,1,25289.88,Gal,0.0253,,
Westchester,event,,2007-08-08 00:00:00,2007-08-08,1,25289.88,Gal,0.0253,,
Westchester,event,2006,2006-01-13 00:00:00,2006-01-13,1,25289.88,Gal,0.0253,,
Westchester,event,,2006-01-29 00:00:00,2006-01-29,1,75869.64,Gal,0.0759,,
Westchester,event,,2006-02-16 00:00:00,2006-02-16,1,328768.44,Gal,0.3288,,
Westchester,event,,2006-03-09 00:00:00,2006-03-09,1,50579.76,Gal,0.0506,,
Westchester,event,,2006-03-13 00:00:00,2006-03-13,1,885145.8,Gal,0.8851,,
Westchester,event,,4/2-3/06,2006-04-02,2,1087464.84,Gal,1.0875,parsed-from:4/2-3/06,
Westchester,event,,4/16-17/06,2006-04-16,2,328768.44,Gal,0.3288,parsed-from:4/16-17/06,
Westchester,event,,5/2-3/06,2006-05-02,2,202319.04,Gal,0.2023,parsed-from:5/2-3/06,
Westchester,event,,5/11-12/06,2006-05-11,2,632247,Gal,0.6322,parsed-from:5/11-12/06,
Westchester,event,,2006-05-17 00:00:00,2006-05-17,1,429927.96,Gal,0.4299,,
Westchester,event,,2006-05-24 00:00:00,2006-05-24,1,25289.88,Gal,0.0253,,
Westchester,event,,2006-05-30 00:00:00,2006-05-30,1,101159.52,Gal,0.1012,,
Westchester,event,,2006-06-05 00:00:00,2006-06-05,1,50579.76,Gal,0.0506,,
Westchester,event,,2006-06-10 00:00:00,2006-06-10,1,682826.76,Gal,0.6828,,
Westchester,event,,2006-06-26 00:00:00,2006-06-26,1,202319.04,Gal,0.2023,,
Westchester,event,,2006-07-03 00:00:00,2006-07-03,1,50579.76,Gal,0.0506,,
Westchester,event,,2006-08-28 00:00:00,2006-08-28,1,25289.88,Gal,0.0253,,
Westchester,event,,2006-09-11 00:00:00,2006-09-11,1,126449.4,Gal,0.1264,,
Westchester,event,,2006-10-02 00:00:00,2006-10-02,1,203418.6,Gal,0.2034,,
Westchester,event,,2006-10-03 00:00:00,2006-10-03,1,1466813.04,Gal,1.4668,,
Westchester,event,,2006-10-04 00:00:00,2006-10-04,1,75869.64,Gal,0.0759,,
Westchester,event,,4/8-9/02,2002-04-08,2,25289.88,Gal,0.0253,parsed-from:4/8-9/02,
Westchester,event,,5/11-12/02,2002-05-11,2,1112754.72,Gal,1.1128,parsed-from:5/11-12/02,
Westchester,event,,12/22-23/06,2006-12-22,2,809276.16,Gal,0.8093,parsed-from:12/22-23/06,
Westchester,event,2005,2005-01-01 00:00:00,2005-01-01,1,126449.4,Gal,0.1264,,
Westchester,event,,2005-01-03 00:00:00,2005-01-03,1,126449.4,Gal,0.1264,,
Westchester,event,,1/12-14/05,2005-01-12,3,2301379.08,Gal,2.3014,parsed-from:1/12-14/05,
Westchester,event,,2005-03-30 00:00:00,2005-03-30,1,82467,Gal,0.0825,,
Westchester,event,,2005-04-12 00:00:00,2005-04-12,1,75869.64,Gal,0.0759,,
Westchester,event,,2005-05-19 00:00:00,2005-05-19,1,227608.92,Gal,0.2276,,
Westchester,event,,2005-07-26 00:00:00,2005-07-26,1,278188.68,Gal,0.2782,,
Westchester,event,,2005-08-18 00:00:00,2005-08-18,1,25289.88,Gal,0.0253,,
Westchester,event,,2005-08-20 00:00:00,2005-08-20,1,480507.72,Gal,0.4805,,
Westchester,event,,2005-10-02 00:00:00,2005-10-02,1,202319.04,Gal,0.2023,,
Westchester,event,,2005-11-28 00:00:00,2005-11-28,1,50579.76,Gal,0.0506,,
Westchester,event,2004,2004-03-05 00:00:00,2004-03-05,1,48380.64,Gal,0.0484,,
Westchester,event,,2004-08-24 00:00:00,2004-08-24,1,39584.16,Gal,0.0396,,
Westchester,event,,2004-08-28 00:00:00,2004-08-28,1,354058.32,Gal,0.3541,,
Westchester,event,,2004-10-23 00:00:00,2004-10-23,1,50579.76,Gal,0.0506,,
Westchester,event,,2004-11-01 00:00:00,2004-11-01,1,303478.56,Gal,0.3035,,
Westchester,event,,2004-11-27 00:00:00,2004-11-27,1,227608.92,Gal,0.2276,,
Westchester,event,,2004-11-30 00:00:00,2004-11-30,1,101159.52,Gal,0.1012,,
Westchester,event,,2004-12-07 00:00:00,2004-12-07,1,556377.36,Gal,0.5564,,
Westchester,event,,2017-06-14 00:00:00,2017-06-14,1,243000,Gal,0.243,,
Westchester,event,,2017-07-12 00:00:00,2017-07-12,1,243000,Gal,0.243,,
Westchester,event,,2017-07-20 00:00:00,2017-07-20,1,162000,Gal,0.162,,
Westchester,event,,2017-10-11 00:00:00,2017-10-11,1,32000,Gal,0.032,,
Westchester,event,,10/14-15/17,2017-10-14,2,14337000,Gal,14.337,parsed-from:10/14-15/17,
Westchester,event,,2017-10-24 00:00:00,2017-10-24,1,96000,Gal,0.096,,
95th St,no-discharge-year,2025,No Discharge,,,,MG,,,
95th St,no-discharge-year,2024,No Discharge,,,,MG,,,
95th St,no-discharge-year,2023,No Discharge,,,,MG,,,
95th St,no-discharge-year,2022,No Discharge,,,,MG,,,
95th St,no-discharge-year,2021,No Discharge,,,,MG,,,
95th St,no-discharge-year,2020,No Discharge,,,,MG,,,
95th St,no-discharge-year,2019,No Discharge,,,,MG,,,
95th St,no-discharge-year,2018,No Discharge,,,,MG,,,
95th St,no-discharge-year,2017,No Discharge,,,,MG,,,
95th St,no-discharge-year,2016,No Discharge,,,,MG,,,
95th St,no-discharge-year,2015,No Discharge,,,,MG,,,
95th St,no-discharge-year,2014,No Discharge,,,,MG,,,
95th St,event,2013,4/18-19/13,2013-04-18,2,165.75,MG,165.75,parsed-from:4/18-19/13,
95th St,no-discharge-year,2012,No Discharge,,,,MG,,,
95th St,no-discharge-year,2011,No Discharge,,,,MG,,,
95th St,event,2010,2010-07-24 00:00:00,2010-07-24,1,68.34,MG,68.34,,
95th St,no-discharge-year,2009,No Discharge,,,,MG,,,
95th St,event,2008,2008-09-14 00:00:00,2008-09-14,1,136.9,MG,136.9,,
95th St,no-discharge-year,2007,No Discharge,,,,MG,,,
95th St,no-discharge-year,2006,No Discharge,,,,MG,,,
95th St,no-discharge-year,2005,No Discharge,,,,MG,,,
95th St,no-discharge-year,2004,No Discharge,,,,MG,,,
95th St,event,2003,2003-04-04 00:00:00,2003-04-04,1,26.93,MG,26.93,,
95th St,event,,7/17-18/03,2003-07-17,2,81.92,MG,81.92,parsed-from:7/17-18/03,
95th St,event,,2003-11-18 00:00:00,2003-11-18,1,74.07,MG,74.07,,
95th St,event,2002,2002-05-12 00:00:00,2002-05-12,1,65.08,MG,65.08,,
95th St,event,,2002-08-22 00:00:00,2002-08-22,1,55.9,MG,55.9,,
95th St,event,2001,2001-07-25 00:00:00,2001-07-25,1,48.26,MG,48.26,,
95th St,event,,2001-08-02 00:00:00,2001-08-02,1,44.33,MG,44.33,,
95th St,event,,2001-08-25 00:00:00,2001-08-25,1,66.77,MG,66.77,,
95th St,event,,2001-10-13 00:00:00,2001-10-13,1,62.28,MG,62.28,,
95th St,event,,2001-10-14 00:00:00,2001-10-14,1,0.56,MG,0.56,,
95th St,event,2000,2000-06-24 00:00:00,2000-06-24,1,31.98,MG,31.98,,
95th St,event,,2000-09-11 00:00:00,2000-09-11,1,49.15,MG,49.15,,
95th St,event,,2000-09-12 00:00:00,2000-09-12,1,35.35,MG,35.35,,
95th St,event,,9/18-19/15,2015-09-18,2,,MG,,parsed-from:9/18-19/15,
95th St,event,,42361,2015-12-23,1,,MG,,excel-serial,
122nd St,no-discharge-year,2025,No Discharge,,,,MG,,,
122nd St,no-discharge-year,2024,No Discharge,,,,MG,,,
122nd St,no-discharge-year,2023,No Discharge,,,,MG,,,
122nd St,no-discharge-year,2022,No Discharge,,,,MG,,,
122nd St,no-discharge-year,2021,No Discharge,,,,MG,,,
122nd St,no-discharge-year,2020,No Discharge,,,,MG,,,
122nd St,no-discharge-year,2019,No Discharge,,,,MG,,,
122nd St,no-discharge-year,2018,No Discharge,,,,MG,,,
122nd St,no-discharge-year,2017,No Discharge,,,,MG,,,
122nd St,no-discharge-year,2016,No Discharge,,,,MG,,,
122nd St,no-discharge-year,2015,No Discharge,,,,MG,,,
122nd St,no-discharge-year,2014,No Discharge,,,,MG,,,
122nd St,event,2013,2013-04-18 00:00:00,2013-04-18,1,2.42,MG,2.42,,
122nd St,no-discharge-year,2012,No Discharge,,,,MG,,,
122nd St,no-discharge-year,2011,No Discharge,,,,MG,,,
122nd St,event,2010,2010-07-24 00:00:00,2010-07-24,1,2.19,MG,2.19,,
122nd St,no-discharge-year,2009,No Discharge,,,,MG,,,
122nd St,event,2008,2008-09-14 00:00:00,2008-09-14,1,3.2,MG,3.2,,
122nd St,no-discharge-year,2007,No Discharge,,,,MG,,,
122nd St,no-discharge-year,2006,No Discharge,,,,MG,,,
122nd St,no-discharge-year,2005,No Discharge,,,,MG,,,
122nd St,no-discharge-year,2004,No Discharge,,,,MG,,,
122nd St,event,2003,2003-07-17 00:00:00,2003-07-17,1,4.31,MG,4.31,,
122nd St,event,2001,2001-08-25 00:00:00,2001-08-25,1,2.69,MG,2.69,,
122nd St,event,,2001-10-13 00:00:00,2001-10-13,1,1.51,MG,1.51,,
122nd St,event,,2001-10-14 00:00:00,2001-10-14,1,1.01,MG,1.01,,
122nd St,event,2000,2000-09-11 00:00:00,2000-09-11,1,1.85,MG,1.85,,
122nd St,event,,40855,2011-11-08,1,,MG,,excel-serial,
122nd St,anomaly,,,,,32000,MG,32000,no-date,
122nd St,event,,9/18-19/15,2015-09-18,2,,MG,,parsed-from:9/18-19/15,
122nd St,event,,42361,2015-12-23,1,,MG,,excel-serial,
125th St,no-discharge-year,2025,No Discharge,,,,MG,,,
125th St,no-discharge-year,2024,No Discharge,,,,MG,,,
125th St,no-discharge-year,2023,No Discharge,,,,MG,,,
125th St,no-discharge-year,2022,No Discharge,,,,MG,,,
125th St,no-discharge-year,2021,No Discharge,,,,MG,,,
125th St,no-discharge-year,2020,No Discharge,,,,MG,,,
125th St,no-discharge-year,2019,No Discharge,,,,MG,,,
125th St,no-discharge-year,2018,No Discharge,,,,MG,,,
125th St,no-discharge-year,2017,No Discharge,,,,MG,,,
125th St,no-discharge-year,2016,No Discharge,,,,MG,,,
125th St,event,2015,6/15-16/15,2015-06-15,2,79.5,MG,79.5,parsed-from:6/15-16/15,
125th St,event,2014,5/11-12/14,2014-05-11,2,50,MG,50,parsed-from:5/11-12/14,
125th St,event,,5/20-21/14,2014-05-20,2,23.2,MG,23.2,parsed-from:5/20-21/14,
125th St,event,,6/30-7/1/14,2014-06-30,2,89.2,MG,89.2,parsed-from:6/30-7/1/14,
125th St,event,,7/12-13/14,2014-07-12,2,83.2,MG,83.2,parsed-from:7/12-13/14,
125th St,event,,8/22-23/14,2014-08-22,2,112.201,MG,112.201,parsed-from:8/22-23/14,
125th St,event,,8/23-24/14,2014-08-23,2,74.53,MG,74.53,parsed-from:8/23-24/14,
125th St,event,,2014-08-25 00:00:00,2014-08-25,1,46.193,MG,46.193,,
125th St,event,,2014-09-10 00:00:00,2014-09-10,1,59.051,MG,59.051,,
125th St,event,2013,3/10-11/13,2013-03-10,2,24.99,MG,24.99,parsed-from:3/10-11/13,
125th St,event,,4/18-20/13,2013-04-18,3,396.4,MG,396.4,parsed-from:4/18-20/13,
125th St,event,,5/28-29/13,2013-05-28,2,57,MG,57,parsed-from:5/28-29/13,
125th St,event,2012,2012-07-19 00:00:00,2012-07-19,1,8.42,MG,8.42,,
125th St,event,2011,2011-04-22 00:00:00,2011-04-22,1,21.6,MG,21.6,,
125th St,event,,2011-04-26 00:00:00,2011-04-26,1,40,MG,40,,
125th St,event,,2011-05-26 00:00:00,2011-05-26,1,66.7,MG,66.7,,
125th St,event,,2011-05-29 00:00:00,2011-05-29,1,34.7,MG,34.7,,
125th St,event,,6/9-10/11,2011-06-09,2,288.1,MG,288.1,parsed-from:6/9-10/11,
125th St,event,,2011-07-23 00:00:00,2011-07-23,1,147.4,MG,147.4,,
125th St,event,,2011-07-24 00:00:00,2011-07-24,1,61.8,MG,61.8,,
125th St,event,2010,2010-05-31 00:00:00,2010-05-31,1,61.26,MG,61.26,,
125th St,event,,2010-06-02 00:00:00,2010-06-02,1,20.62,MG,20.62,,
125th St,event,,6/15-16/10,2010-06-15,2,73.87,MG,73.87,parsed-from:6/15-16/10,
125th St,event,,6/23-24/10,2010-06-23,2,73.63,MG,73.63,parsed-from:6/23-24/10,
125th St,event,,6/27-28/10,2010-06-27,2,109.17,MG,109.17,parsed-from:6/27-28/10,
125th St,event,,7/24-25/10,2010-07-24,2,463.36,MG,463.36,parsed-from:7/24-25/10,
125th St,event,,2010-08-03 00:00:00,2010-08-03,1,122.1,MG,122.1,,
125th St,event,,2010-08-04 00:00:00,2010-08-04,1,46.7,MG,46.7,,
125th St,event,2009,3/8-3/9/09,2009-03-08,2,326.25,MG,326.25,parsed-from:3/8-3/9/09,
125th St,event,,3/9-11/09,2009-03-09,3,369.36,MG,369.36,parsed-from:3/9-11/09,
125th St,event,,4/27-28/09,2009-04-27,2,103.7,MG,103.7,parsed-from:4/27-28/09,
125th St,event,,2009-10-23 00:00:00,2009-10-23,1,125.4,MG,125.4,,
125th St,event,,10/30-11/1/09,2009-10-30,3,308.71,MG,308.71,parsed-from:10/30-11/1/09,
125th St,event,,2009-12-25 00:00:00,2009-12-25,1,7.9,MG,7.9,,
125th St,event,2008,1/8-9/08,2008-01-08,2,237.52,MG,237.52,parsed-from:1/8-9/08,
125th St,event,,2008-01-11 00:00:00,2008-01-11,1,11.53,MG,11.53,,
125th St,event,,9/4-5/08,2008-09-04,2,118.27,MG,118.27,parsed-from:9/4-5/08,
125th St,event,,9/13-17/08,2008-09-13,5,800.9,MG,800.9,parsed-from:9/13-17/08,
125th St,event,,12/27-29/08,2008-12-27,3,562.52,MG,562.52,parsed-from:12/27-29/08,
125th St,event,2007,2007-01-05 00:00:00,2007-01-05,1,3.214,MG,3.214,,
125th St,event,,2007-04-25 00:00:00,2007-04-25,1,38.2,MG,38.2,,
125th St,event,,4/26-27/07,2007-04-26,2,85.38,MG,85.38,parsed-from:4/26-27/07,
125th St,event,,8/13-14/02,2002-08-13,2,23.77,MG,23.77,parsed-from:8/13-14/02,
125th St,event,,8/23-25/07,2007-08-23,3,525,MG,525,parsed-from:8/23-25/07,
125th St,event,2006,2006-08-28 00:00:00,2006-08-28,1,37.12,MG,37.12,,
125th St,event,,4/8-9/02,2002-04-08,2,242,MG,242,parsed-from:4/8-9/02,
125th St,event,,5/11-12/02,2002-05-11,2,155.3,MG,155.3,parsed-from:5/11-12/02,
125th St,event,,2006-11-30 00:00:00,2006-11-30,1,61.93,MG,61.93,,
125th St,event,2005,1/12-14/05,2005-01-12,3,344.25,MG,344.25,parsed-from:1/12-14/05,
125th St,event,2004,2004-03-05 00:00:00,2004-03-05,1,85.2,MG,85.2,,
125th St,event,,5/14-15/04,2004-05-14,2,123.361,MG,123.361,parsed-from:5/14-15/04,
125th St,event,,2004-05-30 00:00:00,2004-05-30,1,2.304681,MG,2.3047,,
125th St,event,,5/30-31/04,2004-05-30,2,8.127033,MG,8.127,parsed-from:5/30-31/04,
125th St,event,,2004-05-31 00:00:00,2004-05-31,1,14.376,MG,14.376,,
125th St,event,,2004-05-31 00:00:00,2004-05-31,1,88.184373,MG,88.1844,,
125th St,event,,2004-06-01 00:00:00,2004-06-01,1,1.841925,MG,1.8419,,
125th St,event,,2004-06-01 00:00:00,2004-06-01,1,8.248332,MG,8.2483,,
125th St,event,,2004-06-01 00:00:00,2004-06-01,1,8.35605,MG,8.356,,
125th St,event,,2004-06-12 00:00:00,2004-06-12,1,29.960853,MG,29.9609,,
125th St,event,,2004-12-07 00:00:00,2004-12-07,1,100.76,MG,100.76,,
125th St,event,2003,2003-04-04 00:00:00,2003-04-04,1,37.6,MG,37.6,,
125th St,event,,2003-05-09 00:00:00,2003-05-09,1,43.99,MG,43.99,,
125th St,event,,7/17-18/03,2003-07-17,2,111.9,MG,111.9,parsed-from:7/17-18/03,
125th St,event,,2003-07-27 00:00:00,2003-07-27,1,8.5,MG,8.5,,
125th St,event,,2003-07-28 00:00:00,2003-07-28,1,26.1,MG,26.1,,
125th St,event,,2003-09-01 00:00:00,2003-09-01,1,20.62,MG,20.62,,
125th St,event,,2003-11-05 00:00:00,2003-11-05,1,12.76,MG,12.76,,
125th St,event,,11/18-19/03,2003-11-18,2,260.6,MG,260.6,parsed-from:11/18-19/03,
125th St,event,2002,2002-03-09 00:00:00,2002-03-09,1,41.24,MG,41.24,,
125th St,event,,2002-04-09 00:00:00,2002-04-09,1,26.2,MG,26.2,,
125th St,event,,5/11-13/02,2002-05-11,3,303.61,MG,303.61,parsed-from:5/11-13/02,
125th St,event,2001,2001-02-09 00:00:00,2001-02-09,1,133.36,MG,133.36,,
125th St,event,,2001-02-25 00:00:00,2001-02-25,1,31.05,MG,31.05,,
125th St,event,,2001-07-25 00:00:00,2001-07-25,1,79.57,MG,79.57,,
125th St,event,,2001-08-02 00:00:00,2001-08-02,1,134.28,MG,134.28,,
125th St,event,,2001-08-25 00:00:00,2001-08-25,1,240.17,MG,240.17,,
125th St,event,,2001-08-26 00:00:00,2001-08-26,1,89.76,MG,89.76,,
125th St,event,,2001-10-13 00:00:00,2001-10-13,1,72.05,MG,72.05,,
125th St,event,,2001-10-14 00:00:00,2001-10-14,1,134.04,MG,134.04,,
125th St,event,2000,2000-04-20 00:00:00,2000-04-20,1,98.68,MG,98.68,,
125th St,event,,2000-04-21 00:00:00,2000-04-21,1,95.03,MG,95.03,,
125th St,event,,2000-06-14 00:00:00,2000-06-14,1,60.65,MG,60.65,,
125th St,event,,2000-09-11 00:00:00,2000-09-11,1,30.32,MG,30.32,,
125th St,event,,2000-09-12 00:00:00,2000-09-12,1,157.69,MG,157.69,,
125th St,event,,9/18-19/15,2015-09-18,2,,MG,,parsed-from:9/18-19/15,
125th St,event,,2015-12-23 00:00:00,2015-12-23,1,,MG,,,
